ticker,momentum_12m,volatility_12m,momentum_6m,volatility_6m,momentum_1m,volatility_1m
A,1.9600044841248145,-0.22769355381114592,1.2014151216982183,-0.5240798785199152,0.2614092219030874,-0.8172114088414794
AAPL,2.418713760038411,-0.5905483097825351,1.1012172508577227,-0.7669788324654945,0.28030358953308265,-0.6195383539377495
ABT,0.5490375953759692,-0.7523603853316009,0.6184125369701868,-1.0626201829006587,-0.005041883822746475,-0.8851809880518571
ACGL,0.48939514983479687,-0.6023821211878557,0.6541049538037234,-1.0778619674854377,0.2280658340207933,-0.8774213766212101
ACN,1.0135972021038062,-0.7010244795790984,0.7658522318545397,-0.9477853455914257,-0.09874989658783266,-0.9176822334397052
ADBE,1.7050915374024058,-0.09895580613411802,0.85300660431597,-0.525771326594762,0.13921375378873285,-0.24252551258434973
ADI,1.666390600992306,-0.3687869374827216,0.8347160838401307,-0.6226606488175247,0.3008111516577142,-0.911344204524887
ADM,0.6789705593641242,-0.41533753956370273,0.5470322320524891,-0.7256565692725933,-0.02196693177377658,-0.5039388695811722
ADP,0.71503770429766,-1.0124031779678448,0.7315472322599561,-1.0249024447726485,-0.0742305222036125,-1.0459774952276129
ADSK,1.0216356390361487,0.14549398159658114,0.9880060942693651,-0.05934718308613926,0.49501522049624147,-0.6671436193351112
AEE,0.21076367193202775,-0.3728987977201039,0.5372090054888902,-0.9084709346742261,0.5436654361719576,-0.851824494119468
AEP,0.6644421363837779,-0.7961714062776226,0.7229014092604745,-1.043990543854418,0.22895347172833946,-0.756710817319239
AES,1.6411203021630016,0.320341923268491,0.6240216802017091,-0.2131070611237629,0.5412981259301283,0.17259464933704388
AFL,0.5588921431629814,1.4390179915001726,1.2730973069641032,-0.23393613920848563,0.024064473860511672,-0.5712800923558381
AIG,0.2919974791665274,5.285355380187204,1.4709948388836893,2.451123113941924,-0.42054930338014224,-0.454294580521338
AIZ,0.450384902099162,0.054492638478458734,0.741889215515872,-0.37532259524556544,-0.3253935293075696,-0.21362616688542185
AJG,0.20936598933090358,-0.06402246742368972,0.3387602481456937,-0.8955920083540719,-0.013945471025306142,-0.8843914326331771
AKAM,1.6532295868904898,-0.06779698098507861,0.8026646223720224,-0.287836184874916,0.4996368650926503,-0.6628170373166985
ALB,1.6311069040570823,-0.13103503534706443,1.1460557891837069,-0.37812337429263454,0.45002989059312404,-0.8515383289954762
ALGN,2.065343626080934,0.46447308653633523,1.5022916414169303,0.24925150406555688,0.11355713612571985,-0.8278148377941759
ALL,0.3274316686714,0.43132927699072104,0.7031038416111471,-0.7336766852359041,0.4882466438677728,-0.3339443139253581
AMAT,1.2223942479721541,-0.20036072774415026,0.8042270532145431,-0.37116732113981193,0.6063934790825247,-0.8155803312433184
AMD,3.8791774420992304,1.3454320934963782,2.582179032879298,1.2729795277949905,2.2793305739921785,0.30730946712685736
AME,1.0527403937660216,-0.5503215978798511,0.4520300206252712,-0.5465985780805918,0.4776596458896854,-0.9735741296558448
AMGN,0.42619064222974357,-0.47232492410909444,0.4018566741569584,-0.5660951173204835,0.025439208114279698,-0.39950418759260375
AMP,1.689734558361529,0.2373241844288942,1.4464845594314573,-0.18892298766300494,0.11738726541102772,-0.33616674819865555
AMT,1.316992668252002,-0.5735726805128882,0.9897134852320043,-0.6729029055073945,0.3094693225677138,0.01712503100509943
AMZN,2.727673271192755,0.13319869501973958,1.5921597479133303,0.21536973460355754,-0.14081581359919965,0.4813299208619076
ANSS,1.4518496353166286,-0.10908165132359134,1.0459650370445943,-0.4194578419648879,0.6715660023466632,-0.6189101436339588
AON,0.09463594350262755,-0.7755776327459218,0.2531022078853191,-0.9211372078122879,0.08737184473478267,-0.7351186362677626
AOS,1.434302504026985,-0.36325600279841536,0.9163783437511384,-0.464702178828249,0.3186023460525278,-0.9807003459928861
APA,1.2346074290272577,-0.007899163557495415,1.2114550964031103,-0.35549331917025384,0.6894918289431379,0.07157630208215293
APD,1.5908667813605069,-0.5209887187247201,0.8037089345863618,-0.8096984780164724,-0.23599830738015454,-0.8189330401785921
APH,1.9529346967287933,-0.1793958517766669,1.1311603992005537,-0.5574835135152271,0.4251175322382203,-0.27746846964482996
ARE,0.6927427754171173,0.9429200294992313,1.7518214313297944,0.2298403194281184,0.884677050741525,-0.504410712300742
ATO,1.0873152548567184,-1.0005092107151736,0.6342643072230464,-1.1304654506044436,0.6491717631499452,-0.875064985577645
AVB,1.33269200244319,0.09828773910253938,1.3252779710411822,-0.12630015332458694,1.0833960704642875,-0.5176084559306103
AVY,0.8439945568530952,-0.10607149885751085,1.14237344872634,-0.2434097863147871,-0.08720379717766008,-1.0007921329083829
AXON,0.0602542576677012,0.17929734564382718,0.06451820302104164,-0.13825955529523384,0.44705506540656487,-0.7078575793247102
AXP,2.352034059383506,0.6166838570827387,1.7414355379523285,-0.31725480706079273,0.07901798450435961,-0.4881171609104645
AZO,0.7610243888974506,-0.9146665575003138,0.30805922363908417,-0.9625922158643361,0.547314666868042,-0.8187435922766175
BA,1.1099594397208692,-0.14645338575019587,0.9280083839996327,-0.6333718180592791,0.218577149503069,-0.7048721604900632
BAC,0.6272648628208338,3.352295254477026,0.5866274165339441,0.3777048685349075,-0.19077441982402268,-0.9943370946153338
BALL,0.964994462705281,-0.6524762746550219,0.4000333782015078,-0.9574961122668058,0.47162849651155236,-0.5771497525891202
BAX,0.6999402343415901,-0.9423303024576309,0.49325499608477935,-1.1482937728173344,0.47663623346783046,-0.6662514910149875
BBY,1.331591309331623,-0.14926423408041745,0.6825603025108568,-0.5961741257481057,-0.40271902693221706,-0.7136732537347403
BDX,0.8223190186873655,-0.7736068959813683,0.5055382171420097,-0.705278157823465,0.35494277589179174,-0.8930277120642299
BEN,1.6704662155688637,-0.16177825310363456,1.2564722946230533,-0.37035530637979586,-0.02929601986941654,-0.5683655003976484
BG,0.8864800035932928,0.30211370058827786,0.2148192338314758,-0.1611010256165912,-0.31707433398171836,-0.7611470959070739
BIIB,0.6504558695752638,-0.652201512325822,0.4698974924789952,-0.7783249265691897,0.7494911414299461,-0.7565927646326841
BK,0.43889838017767707,0.3352664467417001,0.10010876165771396,-0.6656970187716359,0.12993234298060408,-0.6751914920742357
BKNG,3.043321841609215,-0.12433206181386411,2.0629033704684017,-0.24299230026646115,0.4360933267749626,-0.7692453755431474
BKR,1.031950277910314,-0.029137104127736898,0.5012733339685785,-0.28527539267305013,0.11456994108630329,0.08688997787718311
BLDR,2.8433856807980566,4.235359360375864,0.363158770462575,2.941335048095172,0.931771876528323,-0.3558776450199572
BLK,1.8095579413601302,-0.12413340259140715,1.0558396131396786,-0.6799835837949084,0.41990303002767554,-0.7562425075912926
BMY,0.7710661833208858,-0.7713150734052068,0.8502212254520221,-0.9528323202136327,0.3389387745776198,-0.7969249815383973
BRO,0.16531327548928115,-0.835586888935412,-0.01978873659461305,-1.1189392290765119,0.20905517666247259,-0.9381354566003001
BSX,0.741642507280501,-0.21473309339782234,-0.18142960880721593,-0.3980915513108784,0.25606074653494804,-0.6352695593842381
BWA,1.468939366558548,0.4170237722177314,0.1378603943085642,-0.07643997443057395,0.7268530200271999,-0.26106574911810837
BXP,1.075998399759596,0.4234200899570521,1.1942933680653516,0.04685564821597579,0.16292497316342286,-0.6372531561538213
C,-1.1866783064252873,4.067286610563335,0.4519989055037237,0.6915234904279608,-1.7020120828077385,-0.43372024703602113
CAG,1.3100143966478561,-0.7868023777258604,0.7244589178957828,-0.9593821442661181,0.23022606862231262,-0.7065418582394183
CAH,1.1139924410901876,-0.5415720903296868,1.242736989867226,-0.9211484226256398,-0.026482786535195747,-0.5206654831949172
CAT,1.152692541908351,0.23201878133936277,1.7279280390599125,-0.041799253764466145,-0.03780657901938351,-0.2794331501704588
CB,0.37853560099052547,-0.3651595180446651,0.513263463884041,-0.8201700134244544,0.10006326967224152,-0.8913204340084098
CBRE,3.1069294311892266,2.1708865078629964,1.3369186796619543,0.4707101265372846,0.9853076977356946,0.09621082035404696
CCI,2.283855189749071,-0.04386647584509693,1.4511951732114419,-0.2648659823570094,0.4914985729697458,0.1408184213662395
CCL,1.109083589599206,0.033589184625449846,0.747482638136471,-0.28504512778103713,0.0023583313016213242,0.22310868051316565
CDNS,1.517503846598779,0.281411947069903,0.14458423817861413,0.05986316517034658,-0.5298172446639582,-0.7403479494959099
CE,2.6723422142089577,0.624229548243384,1.026886694854282,-0.3213765183408877,0.3113412530319111,-0.6118243007069161
CF,1.809822210732542,-0.14564505032949288,0.668897705522954,-0.4374156742176872,-0.0886936760449952,0.1253672160260565
CHD,0.6838573944756863,-1.045773077892378,0.5256984639007922,-1.083394323610506,0.24514026304678604,-0.43445841718739925
CHRW,0.6284202708184944,-0.5580941720297172,0.4821076687635734,-0.8795683742528623,0.15961162343803262,-0.6303010418548537
CI,2.2207486965873295,0.4831831319176842,1.229597217155371,-0.39560474745898233,0.7561218687058634,-0.030948644186791597
CINF,0.33373672827449635,-0.43368929552080165,0.631208865698016,-1.0107273541688189,0.3043193109787988,-0.9229877259139929
CL,0.9509360542958143,-0.9781081770759836,0.5972462184501818,-1.0268306096036042,-0.2233372832523817,-0.41239357263094134
CLX,0.7672410774397593,-1.0682581919740035,0.4613142296298529,-1.2413982572934847,0.12491433373834518,-0.9870174852901226
CMCSA,0.51349147672032,-0.2039294462094792,0.6499608265781751,-0.3693750045279819,1.1233949089680508,0.8707580529530708
CME,1.525647244851343,-0.04845193475077551,0.3658852999464765,-0.45205144203698644,0.06574193533934833,-0.8740655270164017
CMG,1.3020002964754862,0.033493523956278026,0.4099391134983613,-0.3800274618307297,0.4694685452153168,-0.6492433839255778
CMI,1.8009369278465335,0.1421351479509673,0.9310704004594712,-0.0764360098239961,0.7344021595884488,-0.7031680616478609
CMS,1.5420782246839413,-0.9036623127308343,0.8686901969487154,-0.9854674664633263,0.4725377150282737,-0.9857345368695093
CNC,0.6847685638618789,-0.04721762046083816,0.3817263767700936,-0.43812183760205214,1.1363720423161152,-0.03334942513535018
CNP,0.9348784398831685,-0.616705664069573,0.9819988402720224,-1.0240644217360486,0.6756500553830136,-0.694892957505786
COF,0.9309171897592462,1.5558963618538981,1.6694676118501837,0.08010638329755088,0.021298060358983163,-0.20688960273387197
COO,2.377664047719325,-0.27496863107810504,1.2496852486572498,-0.5741800386869527,0.805930294343491,-0.5567137561435787
COP,0.4785734390325138,-0.6086257772757154,0.7184231893307093,-0.7013057081149076,-0.16496678390861627,-0.6722820076653329
COR,1.3618377005394526,-0.8010165906586127,1.1695496822971392,-1.004573489617561,0.5314911054165398,-0.33790954582280747
COST,0.7836144474410988,-0.7292839595375538,0.9184111903402409,-0.869645193332301,-0.05889625019788876,-0.5203593416361467
CPB,0.8091498913933999,-1.0754869166244048,0.5664471008866435,-1.1537729018518341,-0.19527932922641386,-0.9466642232938822
CPRT,1.112935080574464,-0.643585286242923,0.29060722014321533,-0.5573037989043885,0.16037996839207927,-0.6138735880918613
CPT,1.280375280105136,0.3628596406971502,1.340820925210537,-0.031705779417466606,0.5698881832700796,0.057804694600278185
CRL,0.9530999661157763,-0.5281971137302761,0.1142091965693917,-0.661493387098342,-0.09567236552114605,-0.32170361066251196
CRM,2.319918032592157,-0.02988432252641576,1.8348409121937983,-0.2192478062336549,0.9587709639490531,0.015570007053739423
CSCO,1.3081542613602302,-0.6029439373688532,0.8038505416972085,-0.8283499064953682,0.01618373853694065,-0.8019775608344053
CSGP,1.0145260378721903,-0.46393265554633856,0.2829251378287424,-0.6513172634050225,0.09140363687613721,-0.22126817714247282
CSX,1.487937968648271,0.12616212675685168,1.1778987407290724,-0.05031624736983605,0.2230616965890669,-0.3386227107481974
CTAS,0.7789714981846705,-0.5418123296315924,0.5343335825575186,-0.647541453984603,-0.6957533167933011,0.20765251120825204
CTRA,1.7280668133385406,0.5218989690326877,1.1527602968932973,-0.031022960173029347,1.314732254393411,0.8550300635893501
CTSH,2.598394048831609,-0.5651206331442753,1.5875560898846117,-0.5456524483091747,0.17604678472307803,-0.28364001065720335
CVS,0.7172885164206214,-0.5279226695848481,0.2203006248032218,-0.4690918734894963,0.29253324339275566,-0.6585261198606094
CVX,0.6213865098105892,-0.8265490443676625,0.6196672341761812,-0.9562824520647545,-0.12616395744516487,-0.7875747703099982
D,0.7648983113308006,-0.9054467090538164,0.6018057909312502,-1.1731817199670964,0.3060910124712872,-0.8694245934744914
DD,1.9196933081534426,0.8298883830509656,1.6696798108132573,0.2830031571338108,-0.1342782655013781,-0.5110805027211863
DE,1.3624087755056897,0.22855387108569772,1.0683843492239566,-0.281853746814328,0.3435519179512102,-0.4574090325542106
DECK,0.8698874251402922,0.7582985829068992,0.9656514779889088,-0.09410566541130638,-0.06363026771263161,-0.11588389543670942
DGX,0.8432919858883351,-0.9512934243718865,0.3933370697478306,-1.0888311268556583,0.4063815918462359,-0.5227428666405926
DHI,1.5162270622712017,0.8012836286213526,0.6610781269675036,0.711880978671215,0.8576895275749611,-0.12967282143094178
DHR,1.1152019015470591,-0.7578542174209599,0.7508717419551428,-0.8080423461206947,0.47121074962502796,-0.737071383422281
DIS,1.2873930392764115,-0.1917684111709917,1.0709076532755604,-0.6173773923789353,0.5494419890265022,-0.33839422544932685
DLR,1.4483465871891006,-0.22350192404995234,1.0458894451126028,-0.48775126066451174,0.17274965061553063,-0.6297261420578005
DLTR,0.8135215477899691,-0.5682412043518822,0.5635180192941835,-0.8055786354673862,0.08354361271497353,-0.7888355455683121
DOC,0.8945840097087553,0.24053600810405049,1.2544833926633119,-0.4146197198228385,-0.06434002670060021,-0.9498871724198139
DOV,1.0620384721721179,-0.3689759818469073,0.8121152531481168,-0.5555683489976333,0.14172657737593777,-0.8712571026702997
DPZ,1.7931759748403602,0.2812303346435711,0.3515706026379961,-0.31598008168383507,0.7296491467347868,-0.23764151784711285
DRI,1.0637176691993084,0.06570673925299284,0.36292760559188136,-0.5962014869033674,0.8918878023058764,-0.25114721180043054
DTE,1.068809148493667,-0.6752074360909585,1.0494296612230085,-0.9855282567117792,0.5224407384770076,-1.0162867058392904
DUK,0.9021030753691865,-0.9367743456746411,0.6604176001054174,-1.1583931549126916,0.04158143127103092,-0.8045331237626293
DVA,0.8765577832668856,-0.7639378981720659,0.6149552226269964,-0.9508729912677537,-0.04738900424346892,-0.34422362354939906
DVN,0.6823188623832134,-0.021899789955441798,0.9097337254669627,-0.19319170324899965,0.5857931891445524,0.354146007120344
DXCM,2.749630040597715,0.5227160256239488,0.6945514595256134,0.017172773963247186,0.3792002195085896,-0.4047378592839633
EA,0.6692373977054703,-0.3878194632859823,-0.3874517271949189,-0.46922446662490147,0.44156883618802245,-0.2777737939198346
EBAY,1.681749141585256,-0.26188167407410035,1.1264345915690306,-0.34184221969018114,0.11608096645422329,-0.21090252706325707
ECL,1.0365881129180154,-0.8734653989587323,0.5732045546182092,-0.9306657485909647,-0.08617946667789968,-0.8594833738228879
ED,0.9330133076364081,-1.0806169458018047,0.7453242425149809,-1.273758357383416,0.3163648328357707,-0.9967773624874768
EFX,0.8330233452347878,-0.692229138779024,0.6353322388603577,-0.9546306838604861,0.5199367988948075,-1.002443293341477
EG,0.7560769993621301,-0.6713326440482523,0.637709198449218,-1.0590446153616724,0.01172351104874119,-0.671476197594909
EIX,0.7262519432558706,-0.7160444136062326,0.4767377416515686,-0.8758128151619163,0.07323277579705197,-0.8344527000666607
EL,1.490210793575156,-0.27239447009758344,1.183751870627493,-0.4759203752559364,-0.14215893016092238,-0.253018855138709
ELV,1.2529036248604912,-0.06781678495243888,0.5986771136463338,-0.6351801731640881,0.7938228369243898,-0.3708932513098427
EMN,2.053132282521879,0.18560912841721447,1.4975423301553052,-0.33966886594765433,0.09761013474852527,-0.41539959147383754
EMR,0.8904247406973688,-0.50515401684125,0.9324947516952461,-0.6064593654463414,0.22022704989589623,-0.6740450399401057
EOG,1.3911757793743338,0.14205294724126097,1.248511828101535,-0.21583161704038456,1.1353624613251383,-0.0391955497824021
EQIX,2.0610811672380067,-0.05950604122189903,1.2240687801140662,-0.5190772474241233,0.7493692592461468,-0.8066500873966135
EQR,0.9558937328672198,0.43184462736561774,1.4224559993218249,0.23945395786428134,0.609939323809496,0.07444548527672036
EQT,1.1334592581868852,-0.36691750855881994,0.8293046569158029,-0.5468684872142594,0.5092584522056738,-0.19351691841718657
ERIE,0.6543668796643283,-0.7842340948286726,0.4962579771603933,-1.2199510424242834,0.6891134585708498,-0.8901318230844258
ES,0.7107368983719133,-0.9114179658600928,0.553951178576143,-1.0599312194506914,0.47716148277238646,-0.5854610134839123
ESS,0.8211405589466595,-0.04218006233617468,1.0692847716275895,-0.37912626238583125,0.38310971132330685,-0.5412086597175644
ETN,1.1079434820488854,-0.26100371537951444,1.1374046501817,-0.36852424374723747,-0.06016091276675789,-0.6072817607223079
ETR,0.5240399074931875,-0.8097870178383537,0.38450251333037205,-1.0583773927700182,0.1708934760095783,-0.8557039589726755
EVRG,0.7419654084251693,-0.8241067523553932,0.596653502368109,-0.9517424395320371,0.43891512190026305,-0.9234182855999888
EW,1.5073014531273174,-0.8651433933208739,0.8852087289807108,-1.011196946515044,0.5023222787537844,-0.8914314098868956
EXC,0.2648735182270571,-0.541136919832895,0.12380071369467661,-0.8608690413536697,-0.04495126612407466,-0.8652924632291706
EXPD,0.6048208368574444,-0.09219213960318405,0.3238941444860758,-0.5347671120667705,0.653871656684518,-0.42162407536827357
EXPE,3.171195249078401,0.7825484427329572,1.6528721559212856,0.15598055040433237,0.4429576181537557,-0.46460171703182035
EXR,0.9040283953295892,0.5250212441139661,1.092542532672577,0.05061521960531511,0.3609217438719158,-0.16276310491466978
F,3.8403825566922714,1.305834059646224,1.5966531280594067,0.24006018274307603,0.9375135842146541,-0.18085731338508396
FAST,0.8881649261832076,-0.3970172212451718,0.8184913778898265,-0.6787335974137108,0.7020660729077348,-0.7888363146034404
FCX,3.1877030984051924,0.6087986780641914,1.427755912718767,0.10126848560900448,-0.3603383358161951,0.022883122620245736
FDS,1.4166441869328568,-0.41841455130709443,0.9432054175363483,-0.4658051746189164,-0.7658554957740727,0.1941277367033346
FDX,1.0720655142315962,0.017336125247481838,1.247295784967211,-0.42254851437275903,-0.25456264151452773,-0.1032920519959943
FE,0.4972873926432947,-0.6515739636907135,0.742008353876576,-0.8248633897552033,0.643727652201618,-0.9438549713915719
FFIV,2.352526251508878,-0.3798831171843018,1.2826052881077719,-0.5858673011470297,0.5802789669188902,-0.12806030773767046
FI,1.1091843221042799,-0.7483153055122644,0.30905733534598595,-0.8468323270705554,0.24623579320311853,-0.6814547704487571
FICO,0.9697787402021502,0.26262953376190523,0.9506792235839177,0.11092019384413164,1.0553859252383493,-0.6569126955181042
FIS,1.3315459756237369,-0.5377407810621906,0.601324937480859,-0.4837437728283989,0.2080654770454229,-0.9949113698783076
FITB,0.8796192898284783,4.222658783453485,1.0507893664253891,0.38563497583455647,-0.40469341965511024,-0.1326684042773807
FMC,1.0066122704866025,-0.1582391668026699,0.7089268092089219,-0.24106598433790646,0.007113916572509788,-0.7464451646052304
FRT,0.7986228085942499,-0.011223294982450687,0.9781103235973568,-0.44097119530566686,0.5995439601526878,-0.25902030082407373
FSLR,0.3509175323125752,0.6540174906296959,-0.23873073109625495,0.26723948286979554,0.7256535533278577,0.27923891230784403
GD,0.89227873513619,-0.3695363737706553,0.7338755414834651,-0.9087984319056729,0.17652393964647994,-0.6940008154633005
GE,0.44108021526917,0.8959283439284134,0.9258696420615128,0.130933060557539,-0.23543585322224886,-0.8373064392409079
GEN,1.06761400668651,-0.40155569237977323,0.5194477214244898,-0.5170767214675519,-0.060426514755624515,-0.8515986050560905
GILD,0.04512847143159292,-0.7721766930137091,-0.04507410532855002,-0.7881374421549094,-0.5803344732570134,-0.49549781780628016
GIS,0.8684158160159645,-1.117817924092857,0.7463253718449038,-1.2219742583907027,0.3161155962955223,-0.653678403981019
GL,0.4258501477125427,0.6533526906232112,0.6533365331902489,-0.29795904902773573,0.0825001711061676,-0.8405001205799206
GLW,2.088562048267592,-0.04083286546775858,0.7594218669831387,-0.500232340091796,0.6634144212950828,-0.9028929594544125
GOOG,2.017996306768682,-0.758115394869343,1.1841121703601087,-0.890815854278646,0.3664098000992028,-0.9082861984874119
GOOGL,2.0179962110734624,-0.7581157828698548,1.1841121697807508,-0.8908153823502508,0.3664097573481936,-0.9082849466049974
GPC,0.5885406202497011,-0.7399263408145011,0.6145664697995387,-0.9638519606743274,0.4551195683971024,-0.80410947313627
GPN,1.5425841874794752,-0.8039627469335636,1.059930585717309,-0.832043951938711,0.37587511697183507,-0.8081232051959496
GRMN,1.554105034147268,0.4904438054408391,0.8652879780273066,0.6617003526348629,0.15668350798588926,-0.4369893055714156
GS,1.9886883923027954,-0.038645724692069706,0.47048118576795134,-0.5133779651599123,-0.09954119986303729,-1.0293063184437332
GWW,0.9834189382051038,-0.9085028695590887,0.6749148236947166,-1.0253282835334234,-0.02097981484564997,-0.9996567409341497
HAL,1.6629097865164908,0.07522458645498716,1.2231654171850552,-0.231256783922303,0.45003032391885667,0.16709823168387905
HAS,0.7314691323826242,-0.34248320508098345,0.9238726507560945,-0.8410534119188824,0.4521684694373445,-0.5592650482257776
HBAN,-1.2043643465800897,4.541349063803566,-0.12454976014059364,0.5651824553811953,-0.3323463736991676,-0.5505286454753785
HD,1.059160464365063,-0.4899490801395916,0.7586249608900121,-0.7453335648103274,0.2318474589197643,-0.3351073527936669
HES,0.6924346302246847,-0.012068390785523402,0.48743702505757847,-0.2991109014560773,0.0654376949540351,0.3268221761996666
HIG,1.2819788482827907,2.9650298204570347,1.9624602704412937,0.9459115438856918,-0.5911437295819177,-0.3345253325197744
HOLX,0.711621867629328,0.03754159065895712,0.3252100552130506,-0.6341889621781871,0.20444859473183918,-0.30867486376242315
HON,0.9728578948969216,-0.410567813199975,0.8229000870452251,-0.6321383547782777,0.07808195879919975,-0.881089528410316
HPQ,1.3078125134591878,-0.7797043666450791,0.9991830762441618,-1.0728300643855742,0.6086162241533676,-1.009449444432569
HRL,0.9588175411894556,-1.1265596775592317,0.3967697408086837,-1.1551534258477816,0.008699222328498714,-0.9186406664578127
HSIC,1.2828742958269206,-0.9078194796770968,0.4900542913727128,-0.8693120853818382,0.39741725134507616,-0.7539576306249753
HST,1.5086729458777417,1.4289785461796578,1.2086877384290664,0.52431929260786,0.6270257339295098,0.3553059112144312
HSY,0.6215242197334228,-0.8358790550082913,0.18731928375681134,-0.9774207536768592,0.11419809735338728,-0.6945817654175036
HUBB,1.3595588808199097,-0.4209993416140396,1.1488073753309114,-0.6697913393581384,0.1714856781262354,-0.7991069380935729
HUM,0.9115871582384755,0.8563188525653108,1.0859109577818922,-0.5095507148048504,0.6239969514299244,0.01666369485753028
IBM,1.4844884682888253,-0.8740210308531564,0.7753181752554985,-0.8984537558813216,0.21850915645402127,-1.0300102420877522
ICE,1.080199655654583,0.48696182632499513,0.11255806395560174,0.07874510196174961,0.2135186157657568,-0.7846029341090143
IDXX,1.3608240072402982,-0.5265128700668352,0.6111245807093647,-0.8236998757095404,0.41751205662120994,-0.8460622595805392
IEX,1.1444966037011457,-0.436952018069304,0.9170531409512132,-0.49689716038843307,0.5009099629152293,-0.8613429852680319
IFF,1.255003330840311,-0.7917979662805856,0.8230344774383134,-0.8927464258389426,0.08231909695093646,-0.9373773352409556
INCY,2.480641130946258,0.9333930278534687,2.8342846756848856,0.9025828800106735,0.8429424382501671,0.8315085664593853
INTC,1.242745923390813,-0.6223865756692936,0.658078057173645,-0.6042441167826942,0.1977911713322472,-0.420812168673325
INTU,1.0298264826138808,-0.7407969691278504,0.38873360554976283,-0.8419307196715375,0.32758748797772563,-0.9440219543456027
IP,2.480710479808951,1.6079590600657157,1.7570363842416767,-0.17046510686909921,0.5347211637836548,-0.7093821772299068
IPG,1.8193387974468103,0.48076341682624046,1.112981792380039,0.24695407630190105,0.8928287778676586,-0.08257529453998504
IRM,0.3143888465639357,-0.30997386040932445,-0.4105384288210385,-0.5030002844827027,-0.17483039900328834,-0.7896129998955226
ISRG,2.429978189981733,0.27643812599434897,1.8161311772435755,0.22203662761109083,0.43787228146969664,-0.8008378057980681
IT,0.5092952490778143,0.019848182459336332,0.5772009292730933,-0.6366209214626362,-0.30913901143617595,-0.18813384719725146
ITW,1.202713463560023,-0.5947792327000517,0.8332088513069215,-0.7061920319219095,-0.14664543018049794,-0.7631571755384272
IVZ,1.5783995427228537,0.35336303302550337,0.916045297712885,0.06228972763070166,0.3508429671384894,-0.2971661640025626
J,-0.06954336898360283,-0.07838427717077909,-0.038884411218551365,-0.16051009318799558,0.7470646769176615,-0.20893090719322063
JBHT,1.0176077967876698,-0.1840371348015709,0.41422010439959983,-0.5297895937618522,0.031864075564438876,-0.7086867946975083
JBL,2.642327442517432,1.2954497188015628,2.3316536121427753,0.25272578534963713,2.1440675261625444,0.2139209569802188
JCI,1.6355292961433914,-0.5640876057916867,1.0030396289928987,-0.8422060918560269,-0.016091764198414165,-0.8575185734169523
JKHY,0.9271716784316077,-0.7733078167425945,0.5225740075382351,-0.947294018501001,0.2096113662439673,-0.8901264104426148
JNJ,0.6926664261043861,-1.1091626359446096,0.5503898825086153,-1.3325231616386417,0.13152135662872474,-0.988722614664466
JNPR,1.367933846409852,-0.03459454524638083,0.3703213504773102,-0.4727510356542454,-0.1275956256956056,-0.5890698961414249
JPM,1.1134741730539028,0.5448445095167478,0.7343274302983859,-0.5711273394396473,-0.024210996203814776,-0.8573447692004731
K,0.9626470906886869,-1.0770341432896593,0.5234800071502909,-1.3194717102520344,0.0910221536428438,-0.9691394208924992
KEY,-0.465729155822616,1.94266905888141,0.43445341831892764,0.16246233703738874,-0.5614593047881634,-0.8945140085795082
KIM,-0.057423652760641423,1.4018640250074872,0.9675150414191167,0.756620866891039,0.5626826574670546,0.09597691434037069
KLAC,1.6973736203452319,-0.09478890829580466,1.145421204521398,-0.390538382403549,0.9676924240786543,-0.1494445348199375
KMB,0.9942245478424838,-1.147515404575084,0.7024682480150543,-1.123071377400236,-0.26300109626827833,-0.5791557165588517
KMX,3.019682754210841,0.45465026510755663,1.506429400923464,-0.31012002147038964,1.5094081867764184,-0.105062292712894
KO,1.0606277749749595,-1.0215931228816924,0.6258077308489685,-1.1667344710801708,-0.04616122497622564,-0.8170277919588061
KR,-0.08256975697395989,-0.826294786350129,0.008457019692858787,-0.733358899546749,-0.7017526840775397,0.5000742561524255
L,1.036836640318956,-0.10650960297770351,0.9328206261181459,-0.6486457915044962,0.20093599454168673,-0.714603033115678
LDOS,0.399356667464199,-1.0291300179220961,0.2637402307112303,-1.0219099103365759,0.5787690581673591,-0.22946227054203533
LEN,1.4550585048394236,1.8594612013185101,1.0522441398761506,0.904891683797023,0.33882126270506857,0.4094038052808406
LH,0.8350777771674393,-0.9974358691832821,0.5049481624197802,-1.1743622757618817,0.347948776997064,-0.6711513760829187
LHX,1.1163772958393434,-0.3178240729150673,1.4745593770894274,-0.6594702312024087,0.3942835926335601,-0.7733032879172731
LIN,1.169124902272661,-0.7818070354990314,0.5172015525592109,-0.9870374798547539,-0.2127062088635568,-0.8238668028852665
LKQ,1.6318718260659677,-0.3213339738698167,0.6487781883817098,-0.630813574180195,0.6263961236131044,-0.8956814724437133
LLY,0.3090662367249959,-0.788339920567415,0.32986673829383945,-1.1033485945846613,-0.293416662627531,-0.7572583083021128
LMT,0.2575867875275026,-0.5865419576612902,0.037856473284684944,-0.7655045039940496,-0.26034018243033075,-0.42680483632906757
LNT,0.7092815960397294,-0.678590156291815,0.6301317765251462,-0.9634176132430007,0.712149388379815,-0.7886566448858146
LOW,0.6894836468627751,-0.2036967217255496,0.7042586315564372,-0.4303721722523985,0.35905851093701857,-0.6708280797776744
LRCX,1.8147028727557415,-0.028798970622737553,1.2014204488304654,-0.3681207996948445,0.44798837751619197,-0.6068732141286363
LUV,1.1309265389322576,0.3170284838987002,1.6023384817967465,0.2119700264481291,1.7188461967588675,-0.5222195916422541
LVS,2.6600419429182502,3.4304429890005235,2.0532171398275763,1.235685994989118,-0.2142558328860736,-0.2131969198372132
LYV,1.4478272892317314,1.710880882096949,1.6835291120642488,0.7143734133664441,1.5014698086605467,-0.4126101567667134
MA,1.7805021976652453,-0.41237284631976157,1.3294850544140568,-0.6454451569780695,0.4579840157214024,-0.7771127732556847
MAA,1.2035084608570172,0.18716922287249138,0.949519663219611,-0.4520353275011458,0.27309045275350907,-0.6590517352828595
MAR,1.3121903147891996,0.12732275387708472,0.9366593762564973,-0.04438569820457797,0.7308483452500245,-0.6627709417455635
MAS,1.0916579200307004,1.1763421016414741,1.3072112480214952,0.6983776736002848,0.11393032028568868,-0.357974443961795
MCD,0.5647562854018259,-1.030784249188969,0.4510293303352979,-1.1019006329186485,0.15473425138082397,-0.48851201433939023
MCHP,1.4920816522655873,-0.3924606061185924,0.8986786710117779,-0.5172081833399534,0.5858002233740136,-0.8831427288295843
MCK,1.572893226788047,-0.6321988746258786,1.1333965511613033,-0.8791003866495134,0.15184552821041936,-0.4321071370511497
MCO,1.1879102070846341,0.4991793033990713,0.2460891628190644,0.13259871412642465,1.2372589000163945,-0.5421290726232885
MDLZ,0.566460196355864,-0.7983846176543814,0.2834784930097758,-1.0882391423498101,0.26695986502720687,-0.9843249655824895
MDT,1.276880782945408,-0.3573267991908633,0.8650377310697044,-0.8381487268895337,0.18696568201282546,-0.7017626383993099
MET,0.535156322285767,1.6395730086309104,0.7077256275696144,-0.03660777040101971,0.14071868721193406,-0.5230924933877432
MGM,-0.3667049983249669,4.124696586091491,1.3381661407857701,1.3293724906043984,-0.9048357817322656,0.19057460739979296
MHK,0.770687695488093,1.1645201702770587,1.04926325588461,0.33861318145482106,1.2380711571214216,-0.8605049263335008
MKC,0.7715346773837128,-1.125537909234065,0.40717716571341905,-1.290694100778333,-0.07002632679346919,-1.0058258551940285
MKTX,1.6634935651180938,0.461637940274689,1.0434116998584082,0.046326012429027626,0.5442519422339297,0.0018823169552285544
MLM,0.40464089564162264,-0.2925686004750148,0.6700772277176286,-0.47165160040756765,0.6410729939194513,-0.16399807692735893
MMC,0.30670506319539453,-0.38205268034369044,0.4751409101363673,-0.677626223027215,-0.011342949877481015,-0.6862416644264122
MMM,1.3359888136215603,-0.8176297066834444,1.019247291110441,-1.0130625673789813,0.4201485924364443,-0.9248910343199173
MNST,0.758467724415172,-0.45489862488900146,0.7383743863686849,-0.6736595828279585,0.6527676922379455,-0.32597331663101425
MO,1.241975162344104,-1.0853966522718148,0.7322963740290029,-1.2922941926249487,0.4502822929444988,-0.9441078239550956
MOH,1.079216008003069,-0.19313876337757246,0.023376601658451797,-0.4209364192229094,0.8849411087919349,-0.15944117574807973
MOS,1.7861478888037092,0.3016214752446596,1.1031034252707568,-0.23863704329029153,-0.13482712703855537,-0.6508516104162078
MPWR,1.9753830354415625,0.29447916269426255,0.4089337175383171,-0.4708853257536734,0.2920126778433434,-0.7889994950008363
MRK,1.0289141991920954,-0.2989503472295442,0.9918273754829113,-1.0286252226459496,0.2235364935580379,-0.7195788235147662
MRO,0.8396320377382045,-0.3638616165816332,0.32349679305722906,-0.5828904622676895,-0.1701413961864476,-0.5366734264307571
MS,1.8785535281225105,0.6288979096443402,0.28576030890572646,-0.12426087577684665,-0.26886506047403663,-0.7954113819477628
MSFT,1.5594049346675551,-0.7719320225229922,0.8747020290941306,-0.9013711810666251,0.3445687452429836,-0.8226651327451955
MSI,1.777245231216906,0.2909874635234132,0.7243787661155591,-0.2349331495150448,-0.2583936531753752,-0.3652884484369238
MTB,0.8962825228661593,0.4341519615531722,0.9251630600764653,-0.4705201999942628,0.1450964976622816,-0.3234880404967805
MTCH,0.9951168471684629,-0.8684016442390198,0.7323348795798699,-0.8443639283920058,0.37009745871154975,-0.6000757266055335
MTD,1.4736769292362635,-0.3745955785000981,0.9721169843460827,-0.8718960315841339,0.5207677662146085,-0.3636370077374281
MU,3.493688729785063,0.8508521916087225,1.922539879017797,0.3759994949585194,1.6533339412194004,-0.06082495003024243
NDAQ,-0.01997357602929514,0.15177722892108053,0.11703796675626156,-0.4985653563002144,0.2856863102862963,-0.8829352608542792
NDSN,2.04352025196559,0.0062419792743200675,1.4454000471914776,-0.2423235480322956,1.2219442514007484,-0.013600145689623122
NEE,0.6393503088266916,-0.7775294990886712,0.03300906724911627,-0.9111282968441432,-0.009118561631272672,-0.5269071691199029
NEM,0.8424225833313753,0.04900237655841953,0.5365438395518708,-0.05734529990035485,-1.13286058486156,-0.5710785044696621
NFLX,1.9162913404026414,-0.17434311257729623,1.0721710030819678,-0.3318051503768777,-0.24865585632078593,-0.2746307980688367
NI,1.427178947285953,-0.6669874896999686,0.9398716575923388,-1.0367809609525223,0.43194092038363496,-0.8605826814003322
NKE,1.0574567435292692,-0.6815589641765125,0.7924424003720196,-0.778480443979554,0.09000640338242451,-0.22916124090004267
NOC,1.017287537625992,-0.6082105565025182,0.7348684558991828,-0.8968225771414945,0.13195025800240454,-0.7338058379913335
NRG,0.5449538373864059,0.043951292660708415,0.007060187976323142,-0.23972325479250603,-0.01542183780875499,-0.030687832617845454
NSC,0.827112880876401,-0.007976711227044263,1.1299873992951133,-0.38377149260881965,0.28589891590128846,-0.6098454906197008
NTAP,2.4715095449582702,-0.2936747991273157,1.6042246536012155,-0.4193389170938127,0.5674071294319863,-0.45179950782043055
NTRS,0.4803437570159862,-0.03982079580437277,0.12880421647688137,-0.5989775937515976,0.38411340987343456,-0.04657326773430463
NUE,0.49185026962181777,-0.06278149796827961,0.35690484427796715,-0.3119089278463631,0.4056829914869003,-0.1912105980742553
NVDA,2.2981296991484683,0.5993600987027552,1.4251194153286497,0.11459704144537282,2.259945035474324,-0.4038116059301709
NVR,1.4866332960975408,-0.05765722590642935,1.1326553269831847,-0.27601253447902563,0.43137742772662896,0.48078689083617704
O,0.9098929583030062,-0.27874943937732366,0.7163970316116747,-0.38374294059350356,0.30262137846306136,-0.5829040212203149
ODFL,0.7815137728147316,0.23141607612456522,0.08045303455263307,0.18926088802152405,1.5203646204886194,0.6028182725882251
OKE,1.5020179580344704,-0.30054592382594647,1.23602102614512,-0.7255228977507451,0.6692864734587007,-0.733494095109444
OMC,1.3599288824516158,-0.47039173685328617,0.7307034765149216,-0.6302351680133168,0.5860593516016704,-0.3900289107355687
ON,2.6122864812135647,0.4148164718896901,0.7341120070779061,0.08637884635135697,0.5902979577259253,-0.8517749888863491
ORCL,1.222222797184483,-0.6267836757214872,0.5352476198655269,-0.813177785060248,0.7405134309091647,-0.05759733022953115
ORLY,0.9517105792293243,-0.4682047824961267,0.1902980111678551,-0.7232585149920955,-0.101398210192502,-0.5590513978565104
OXY,1.2175125309605295,-0.47444621167096673,0.8275809365844302,-0.5473831350243323,0.20108442819753652,-0.12856294623772146
PARA,1.7298480704289456,1.4190873727842015,2.0543865592430794,0.5907541716190351,0.6226634433493167,-0.3056033977603832
PAYX,0.9157642075690494,-0.8194586003472776,0.7355294473724661,-0.8574623957334515,-0.2668156274487951,-0.967223576171788
PCAR,1.0490193455765047,0.07514945055516485,0.47387366951727977,-0.3340318166811608,-0.029321558440090625,-0.40316523199829357
PCG,0.8471980938376221,-1.0299148079240952,0.582666540147711,-1.2436743008454996,0.30597812909394123,-0.8156982525535299
PEG,0.8415646054539064,-0.71844773686614,0.24634347706579002,-1.0042539707199105,0.34707012925333214,-0.5244661839020328
PEP,0.7506340067971164,-0.9115921582354201,0.4090239204051758,-1.0971216864215088,-0.33335800553724243,-0.8174091917415768
PFE,0.671489387193179,-0.7147073463583834,0.8178045237253515,-1.1305115568326338,-0.02191762147296057,-0.6978062701560486
PFG,0.758937103987985,2.3634673006604023,1.0037137425024,0.4549945786808953,-0.12376615925463551,0.7844667418558077
PG,0.494562086240165,-0.9422441845938347,0.6586943892505501,-1.1215138010341417,-0.19370953889053183,-0.960642685748469
PGR,0.8573541883416514,-0.5102063577612185,0.5971828926525923,-0.9300082013678355,0.48309325711746165,-0.9337549548853138
PH,1.0715354381583055,-0.22024328536208748,0.8578044931090378,-0.47241963659440467,0.03170576680025133,-0.5483161804463461
PHM,0.25193669111977557,0.7076116301064634,0.4877278694995444,0.45048213657798736,0.6615779403900496,0.07888620249775583
PKG,1.8217435048858168,0.25230196697101254,1.126656925393798,-0.27952178415477086,0.7329730303259564,-0.7586725708144209
PLD,0.8139874371997127,1.1775987649147528,1.1152736948850874,0.2568820035981502,0.6943032393441315,-0.40064498970758355
PNC,0.6974268315750591,1.5049697385727674,1.0819650878463685,-0.09298633942821313,-0.3783385639602329,-0.30248966149506573
PNR,1.252653869480004,-0.23536927564815083,0.8597296638555572,-0.3978648967931039,0.5765703268619173,-0.6560387068196699
PNW,0.923175017509682,-0.6709258462239435,0.7668794008595968,-1.0845786526406107,0.21957274056619439,-0.7528329310555417
POOL,0.6622589865037138,0.30272468661324775,0.5899792974278305,0.36608172021296653,0.4492458976035415,-0.6332068272266059
PPG,1.3143572892049293,-0.42400676970254797,1.0344176760856774,-0.5422081996332823,-0.11949707491618003,-0.9116786459620251
PPL,0.6728965734397256,-0.7784354865610269,0.13615784615148305,-0.7410648901758028,0.35415911989189747,-0.6691547963498207
PRU,1.7221116295013055,2.201400484982679,1.1134690734142938,0.20079537266458153,0.33798249649169226,-0.003729687904739484
PSA,0.6131976459829246,-0.12648861151495455,0.8028670018466133,-0.42746097614735445,0.3832904019658159,-0.21069953261146301
PTC,1.0954350273944466,0.16963230872891383,1.118495291078718,-0.5699580750939637,0.7674074390530845,-0.43479125748405767
PWR,0.6352682455273946,0.08030439396516535,0.02286164088173022,-0.11190291802262159,0.9844799868456524,0.655950090478123
QCOM,1.0492136707679245,-0.760617225265091,0.24623153500158665,-0.8256317556435728,0.2015413243386953,-0.7445088672184155
RCL,1.933574098904243,1.3211065617891822,1.8109640310012487,0.5501350385836744,0.44487730513287405,0.05674207791933618
REG,-0.03932178357589878,0.5787965126893171,0.2595241776079369,0.1730606867330769,0.48385375117590795,-0.5383909280455977
REGN,0.9557974370773065,0.4614477398342118,0.806719227244382,0.39143838610247267,1.4330133951278992,0.15601354409608706
RF,-0.3830036007673226,3.009694368881686,0.9962470514014518,0.8017944875098667,-0.6047948986836347,-0.4761476868424112
RJF,1.2682350228965205,0.7572445668862396,1.0915104796261368,0.11524483991107534,0.039611365266210716,-0.3856753627505323
RL,1.8035900221665726,0.021503212253445758,1.3077069429481543,-0.46244362400966105,0.12515848419039605,-0.5914529901504251
RMD,1.2144524746630927,-0.8662008348114809,0.8755990141144441,-0.9159408983391013,0.13138263316957505,-1.062213851394219
ROK,1.4051382980461558,0.16772302522965826,1.2149792743864631,-0.4627394406149891,0.6070031471135211,-0.7352766245093784
ROL,0.6457035515141066,-0.7514909494484943,0.4492456622996486,-1.08343153337764,0.4740406205439995,-0.8526500144241074
ROP,0.916564064605115,-0.5720628067775346,0.5607915208112147,-0.6116302554017082,0.02822328780199932,-0.36510809147272005
ROST,1.3077588786186398,-0.65944522590184,0.478629031917771,-0.7956057306670543,-0.19975891734849172,-0.18642280871792638
RSG,0.8165708410336661,-0.1579995205823209,0.6199051419775401,-0.9491949969135449,-0.012245913262935658,-0.9238382984808388
RTX,1.1025601700691905,-0.6992122074419694,0.9687911583630023,-0.7732969795248245,0.20312853241756468,-0.5182942895634642
RVTY,1.37279984201128,-0.22812767377253332,0.6170540877148596,-0.3944203301337624,0.47584805723878304,-0.5653391713633953
SBAC,2.171201694148802,-0.11378997934292978,1.112758438789132,-0.3765942987637565,0.4525149439524764,-0.23690528784098497
SBUX,2.5519065301325616,0.0046410446642766385,1.5812609103198407,-0.11946830843622301,0.767159184175716,-0.29047063318070415
SCHW,0.856869114333696,-0.10646607170141532,0.47137573657502096,-0.5716245511275108,0.420835788156285,-0.2680981664935428
SHW,0.5678683550577649,-0.6786549612704638,0.5622887917682133,-0.7658069745363595,-0.05774415263835145,-0.9855389801294908
SJM,1.2981223731489453,-0.8339976465825708,0.8045662286594113,-0.9784841381217607,0.20758216943625257,-0.68175412174818
SLB,1.4696629538802586,-0.12792200890243716,0.6865559953664432,-0.34836321697345507,0.1986336074699084,0.1303226379508312
SNA,0.7447436649300354,-0.03299318535947281,1.3212079199403808,-0.38208019836492896,1.1041749790955075,-0.5040867324210021
SNPS,0.8442499180462223,-0.6950579051053644,0.4872939143705339,-0.6782381580850004,-0.11413370190558426,0.3297956024263132
SO,0.32460669283201515,-0.9685829281100998,0.39823888964752624,-1.1845743926170522,0.20281041177485362,-0.6558781398743051
SPG,1.5237963059829125,0.48821070031157365,1.4398796855628118,-0.06305694625577843,0.6604480794482988,-0.5613176955536515
SPGI,1.402466921652169,0.11818525166388305,0.5055328777876554,-0.007666126898981364,0.9764768824348756,-0.19409979967802465
SRE,1.1348243049314184,-0.8837506138045229,0.5241454587299157,-0.9983094711923945,0.24210163908401897,-0.610167864817382
STE,0.9581586921588486,-0.12197187586101278,0.5141342066333562,-0.3642130590898175,-1.4205278818246694,0.3273330450836209
STLD,1.5947873296029136,1.005568667389113,0.7509871339705265,0.3147921752111429,0.1832521144621162,-0.14429559643738965
STT,0.7341787682676273,2.4986816518950676,0.02479722532964406,-0.03976973977007919,0.33610408240153855,0.5014495262822555
STX,3.66852798619183,0.8571818960446547,1.5776345616212921,-0.1179218815304258,0.7248404270755006,-0.8524847118827436
STZ,0.44212821499993266,-0.508953861859428,0.5712942449137257,-0.6437230677799974,-0.4421491350894007,-0.027024900065031023
SWK,1.5339888363118483,-0.14087688682761276,1.4190217020428668,-0.5868454212161456,0.541325768653351,-0.47008637686930976
SWKS,2.6004245774272405,0.5297490174547396,1.1000447184755542,0.11046858036310034,0.5008465516577127,-0.6205659055008689
SYK,1.0026947363253411,-0.5813537525970367,0.8423026302139857,-0.8055934759264485,-0.005130725881892312,-0.5919061553040867
SYY,1.0133568296423907,-0.8030346962123128,0.8246816829259843,-0.9644310884549314,0.19512629277307345,-0.6112104530908676
T,0.5945761776922246,-0.9580729731204829,0.590964371396833,-1.0770779019752246,0.2440847052072087,-0.9119489896096769
TAP,0.27703244682255634,-0.7358619323533395,0.2708985821496511,-1.0253622199183732,-0.1387984653495258,-0.5234831317390486
TDG,1.6402971920922607,-0.3719180004589567,1.2728536030868953,-0.40920799131905633,0.5901569559758801,-0.8051023977004557
TDY,0.1346880998607507,-0.049305269606466945,0.5676437111326716,-0.5744563234365365,0.9819666826971909,-0.7199059164016202
TECH,0.629256086409259,-0.8511067476592687,0.415212340776693,-0.8882318323662176,0.02313768387374151,-0.8282876500984886
TER,2.59477695192103,0.6909496415988765,1.3169105993142545,0.28786483928578005,1.0491665873471219,-0.7164991328287984
TFC,0.41736687112769477,0.8065927712441137,0.655786483908332,-0.16151864591196746,-0.12858611011466764,-0.9901598167994231
TFX,0.7137596845505512,-0.7935495508949794,0.7257778232762075,-0.8907407851579343,0.32195931832480645,-0.7661056826605627
TGT,1.2766044527286835,-0.4031192596010284,0.8192173729818772,-0.6986344949215351,0.23207977009779326,-0.07162667340374
TJX,1.8300599334747025,-0.6828928039263946,0.6506940362505663,-0.8457221535278886,-0.22743819926762962,-0.7283943159227405
TMO,1.2735451477070512,-0.8535883869180336,0.6909553831644516,-0.7602567885702071,0.19355525614291116,-0.8554449799735983
TPR,1.786359851288478,0.37025636927589395,1.0285482858005497,-0.3140001899633878,0.33544352437017927,-0.5431965406728932
TRMB,0.822572628917169,0.23844453758623171,0.8701243257762035,-0.39828793164497295,0.8378517494636709,-0.5720710039771708
TROW,1.450173491831067,0.2546397557703129,0.8983231950254239,-0.4138861397670732,0.7328127563983983,-0.22228418474685274
TRV,0.7005502938588228,-0.44643416981046397,0.6879791731240535,-0.8030680125028793,-0.4433402379763499,-0.724905569200388
TSCO,1.3497649343506208,-0.3505027540042364,0.8155159123637118,-0.6497269206772359,0.7576330770536194,-0.40361422371942224
TSN,1.2607676642036352,-0.341973575703897,0.07821033937650759,-0.6500184454870477,0.1433271084993361,-0.6957634718917878
TT,2.185600263200328,0.2447862471463132,1.5885314360818075,-0.1378744712582991,0.11665199186761907,-0.46276004166070345
TTWO,1.0604712975907835,0.8570706988039251,0.22654720536371575,0.9877476296922928,-1.0114130002533759,4.624284610146202
TXN,1.6175398122259825,-0.690996865704176,0.6275460997054854,-0.8005017707889469,-0.1520810879607814,-0.9399423784444352
TXT,1.2480538307239208,2.5459768011860318,1.956347459400114,0.2512014206046778,-0.36894521650143364,-0.5764330665430771
TYL,1.5355912288021065,-0.6756920037299092,0.7621497025380315,-0.7009731431748838,-0.0275463477378377,-0.8694895060024752
UAL,0.8368407071959169,2.924863786163758,3.8432354467455516,2.221537932246162,2.7698453575802238,-0.3479770169775373
UDR,1.038628848070363,0.6245486032333416,1.4738673315675035,0.23607389105045584,0.7334295626786342,-0.12138116110601302
UHS,1.6723174989883345,-0.22482835603111417,0.867119822264565,-0.5187217771335542,0.9193231722536455,0.4146769789386704
UNH,0.8418936155620471,0.34822872161702006,0.7867339767168968,-0.3743334978875669,0.9300721855022375,0.36358278898904994
UNP,1.2234067980104677,0.046295399585714894,0.7899285921301756,-0.2639619842110605,0.1911487473328885,-0.705549590304497
UPS,0.6387701147790539,-0.6205738524735235,0.5728855272278857,-0.7713099696319828,0.05989279935906855,-0.7294545087053105
URI,0.7054923970942265,1.4571189315995259,1.466343092520888,0.5335205951615196,0.7776349260125727,-0.7927157860551935
USB,0.20180295210038665,1.0461539836886962,0.8221464348068136,-0.32021520081662586,-0.6641595851401183,-0.3542146532238253
VLO,-0.054114704817786095,-0.06884337727874276,0.14591512436481824,-0.46881456371290925,0.4805932523083589,-0.9610076130654975
VMC,-0.11522775862466307,0.03602741595969513,0.7608671235794836,-0.20931918823475024,0.5655299070969182,0.0015116197734651327
VRSN,0.9872056657335937,-0.38912194591802457,0.8915160478605317,-0.6857844814184941,0.7492444243934588,-0.27465341375020885
VRTX,1.220017827593294,-0.1322822082621651,0.7384528004080635,-0.3467352933385132,0.6576213028959093,-0.5682330098822279
VTR,1.1769731024458463,0.05344005029168663,1.1992455040078114,-0.5343508186563631,0.16158376310119013,-1.0363223129430974
VTRS,1.9076782818150688,-0.6384046499740925,1.1916785887716954,-0.8405438985266249,0.14427418548590348,-0.4798529633441506
VZ,0.5340125818060889,-0.9114755390290932,0.46386677754872846,-0.9228737385770106,0.18605215202575942,-0.7034467958373501
WAB,0.5401654698559452,-0.11738676140961578,0.7940469220213251,-0.41103371085828094,0.5159841206450645,-0.6248943511583233
WAT,1.6279294173121392,-0.5553503702603805,0.6602868090667467,-1.0215631092018167,0.2902371845367502,-0.6172212006181683
WBA,1.435083994649753,-0.7143440378578094,0.8484069838464887,-0.8265382151862974,-0.11343279041379034,-0.8643630551159264
WBD,2.230707504033778,-0.2871305796189702,0.9640060006793515,-0.6078442905571096,-0.33043581285151163,-0.3595308064538961
WDC,3.5331530338566237,-0.10439796180705432,1.5003696373902744,-0.452439470671635,1.039131987005371,-0.5974001592203185
WEC,0.8924277200387859,-1.0024652950277233,0.6887149765382335,-1.1950873696965403,0.6010594413414335,-0.7994070035670313
WELL,0.778780838501353,-0.26165076537475945,1.0117091704638514,-0.7213958117353774,0.04967560353280963,-1.04568430228433
WFC,0.2837103566976726,2.020574031711269,0.4725777166192376,-0.23013062183781327,-0.12934959401843085,-0.180563839046501
WM,0.5717107665802209,-0.7575725335940854,0.7156367269475269,-0.8965471004095236,0.15548008074146483,-0.8141473585938568
WMB,1.3862700645629007,0.0036187291227632373,1.0687145706117367,-0.31053895811033855,0.4978812761066262,-0.041653132449440355
WMT,0.37652963960542685,-1.0953451042233067,0.46686985561558286,-1.246270699834136,-0.09791869971263674,-0.9698594072919473
WRB,-0.14324525228087834,-0.5402146251092865,0.39135859575059473,-1.019388076751225,-0.2296145133505973,-0.7639486954064765
WST,0.5882449722276232,-0.7927428098662129,0.5198587289649754,-0.7465440353789182,0.16754491691004114,-0.7535830536415445
WTW,0.6564655037366968,-0.4355097094539106,0.26654931970932555,-0.816097942511043,-0.1988590044642863,-0.7925798351356588
WY,1.3099811835213975,0.43798339390007535,1.1281421428121072,-0.15243927559377393,0.4969901745055788,-0.5739944113930765
WYNN,1.3830212850884565,1.7027370251498641,1.7394337100089325,1.064613670509389,-0.7435178452721039,-0.722727077931938
XEL,0.8843109389684943,-1.0905861057096635,0.5896271414004078,-1.0403595056165569,0.44641644924984913,-0.9347032961705878
XOM,0.13553800628553755,-0.8616304492710501,0.12425985883210934,-0.8628143649835904,-0.7849613947474342,-0.518555823447356
YUM,0.7649306178063606,-0.5891422680082518,0.23917645550239724,-0.965463182596533,0.064157829958499,-0.6652233955286154
ZBH,1.3505882516882792,-0.5642217740572384,1.1379063260580793,-0.8053520858553793,0.19298277708566441,-0.6769383291710134
ZBRA,1.2101049034303013,-0.5049672214809551,0.5866433966329903,-0.6490255552978388,0.3288179859700141,-0.7663015536657244
