ISIN,Mkt-RF_Alpha 1,Mkt-RF_Beta 1,Mkt-RF_R2 1,Mkt-RF_Alpha p-value 1,Mkt-RF_Beta p-value 1,Mkt-RF_Alpha t-value 1,Mkt-RF_Beta t-value 1,Mkt-RF_Alpha t-value adjusted 1,Mkt-RF_Beta t-value adjusted 1,SMB_Alpha 1,SMB_Beta 1,SMB_R2 1,SMB_Alpha p-value 1,SMB_Beta p-value 1,SMB_Alpha t-value 1,SMB_Beta t-value 1,SMB_Alpha t-value adjusted 1,SMB_Beta t-value adjusted 1,HML_Alpha 1,HML_Beta 1,HML_R2 1,HML_Alpha p-value 1,HML_Beta p-value 1,HML_Alpha t-value 1,HML_Beta t-value 1,HML_Alpha t-value adjusted 1,HML_Beta t-value adjusted 1,MOM_Alpha 1,MOM_Beta 1,MOM_R2 1,MOM_Alpha p-value 1,MOM_Beta p-value 1,MOM_Alpha t-value 1,MOM_Beta t-value 1,MOM_Alpha t-value adjusted 1,MOM_Beta t-value adjusted 1,Excess Return 1,Standard Deviation 1,Up Market Capture Ratio 1,Down Market Capture Ratio 1,Mkt-RF_Alpha 3,Mkt-RF_Beta 3,Mkt-RF_R2 3,Mkt-RF_Alpha p-value 3,Mkt-RF_Beta p-value 3,Mkt-RF_Alpha t-value 3,Mkt-RF_Beta t-value 3,Mkt-RF_Alpha t-value adjusted 3,Mkt-RF_Beta t-value adjusted 3,SMB_Alpha 3,SMB_Beta 3,SMB_R2 3,SMB_Alpha p-value 3,SMB_Beta p-value 3,SMB_Alpha t-value 3,SMB_Beta t-value 3,SMB_Alpha t-value adjusted 3,SMB_Beta t-value adjusted 3,HML_Alpha 3,HML_Beta 3,HML_R2 3,HML_Alpha p-value 3,HML_Beta p-value 3,HML_Alpha t-value 3,HML_Beta t-value 3,HML_Alpha t-value adjusted 3,HML_Beta t-value adjusted 3,MOM_Alpha 3,MOM_Beta 3,MOM_R2 3,MOM_Alpha p-value 3,MOM_Beta p-value 3,MOM_Alpha t-value 3,MOM_Beta t-value 3,MOM_Alpha t-value adjusted 3,MOM_Beta t-value adjusted 3,Excess Return 3,Standard Deviation 3,Up Market Capture Ratio 3,Down Market Capture Ratio 3,Mkt-RF_Alpha 5,Mkt-RF_Beta 5,Mkt-RF_R2 5,Mkt-RF_Alpha p-value 5,Mkt-RF_Beta p-value 5,Mkt-RF_Alpha t-value 5,Mkt-RF_Beta t-value 5,Mkt-RF_Alpha t-value adjusted 5,Mkt-RF_Beta t-value adjusted 5,SMB_Alpha 5,SMB_Beta 5,SMB_R2 5,SMB_Alpha p-value 5,SMB_Beta p-value 5,SMB_Alpha t-value 5,SMB_Beta t-value 5,SMB_Alpha t-value adjusted 5,SMB_Beta t-value adjusted 5,HML_Alpha 5,HML_Beta 5,HML_R2 5,HML_Alpha p-value 5,HML_Beta p-value 5,HML_Alpha t-value 5,HML_Beta t-value 5,HML_Alpha t-value adjusted 5,HML_Beta t-value adjusted 5,MOM_Alpha 5,MOM_Beta 5,MOM_R2 5,MOM_Alpha p-value 5,MOM_Beta p-value 5,MOM_Alpha t-value 5,MOM_Beta t-value 5,MOM_Alpha t-value adjusted 5,MOM_Beta t-value adjusted 5,Excess Return 5,Standard Deviation 5,Up Market Capture Ratio 5,Down Market Capture Ratio 5
IE0033535075,-2.5225242351563517e-05,0.6168886321714824,0.43042074825478915,0.9444270547394599,2.1262170997545532e-32,-0.06977684914013328,13.74483475722851,-1.7001332146917568e-06,0.6168879701061043,0.000748038917505212,-0.21897431495180003,0.021231608512089384,0.11249973372442214,0.020670518521185705,1.5926613604881972,-2.3287425863372295,0.0005959000592638618,-0.1976422389982773,0.0007518576126540057,-0.510902382057666,0.1952015145308027,0.07834067288338968,1.8253658154153688e-13,1.7676415452466574,-7.786961376641291,0.0006234890636371592,-0.5106903001745655,0.0005858955503082,0.321120166140742,0.13843279520377794,0.18451778207776653,1.0787576592267599e-09,1.3306464158782827,6.337893231039152,0.00043103963343895914,0.32055241825879516,-0.11807203593138972,0.00751020905815232,0.8675379510469531,0.9907102029177768,0.0002863047902004052,0.5755136482433676,0.47739201022238553,0.214982093050743,2.3736418212776628e-108,1.2410260617055509,26.244313897173992,0.00020353767015204312,0.5755136482410645,0.0004298156616384111,-0.5057926921931277,0.0920360638740767,0.15778508088697651,1.470616325570155e-17,1.4139644891577494,-8.74239433474699,0.00032529425133031415,-0.5057119317055858,0.00032845768230840215,-0.5960873803223106,0.1703802407167937,0.258979555175921,1.8283654514388766e-32,1.1296581223775977,-12.44387795543677,0.00022231864723653354,-0.5960850306765159,0.00034838376081724695,0.327685505618162,0.079574411629868,0.2558814909030401,2.6918378362631982e-15,1.137043087378451,8.073801152938762,0.00023663406116986458,0.32758339992848545,0.1138905188071039,0.008761339178636649,0.8383290603453064,0.7749804969780285,0.00034973843109570193,0.5710923311356342,0.44685853157788324,0.028613421965991582,5.895003792560447e-164,2.191293512393453,31.87918708686148,0.00031064744041898383,0.571092331135626,0.00044197143777566423,-0.4688368884441829,0.07857928583258089,0.032139400730983834,3.503252554383101e-24,2.145055839980089,-10.357748787861974,0.0003902335982462896,-0.46882200482219066,0.0005022947997504784,-0.5316309771370848,0.1305900821999506,0.012138396502056267,3.6648845205207904e-40,2.51173398323475,-13.7462147101907,0.0004615449067229604,-0.5316304073598637,0.00042711193412914023,0.35116807447040965,0.08263762501548755,0.038005500077644284,2.127747219980146e-25,2.0769849262215785,10.645321257030346,0.00037359162490832094,0.3511597124591835,0.2692360279354975,0.0076059721877966375,0.8860269016437773,0.7947091969315387
IE00BWGC5R57,0.0005800937283197451,0.5901961584215933,0.27603359105982916,0.23464877144397278,2.7697960096353767e-19,1.1913429717671047,9.763190515123794,0.00040385372536339047,0.5901622039784903,0.001283925243847562,-0.0769640660420062,0.0018376469040255472,0.024318862231604812,0.49813113246971763,2.265808078950342,-0.6784228156593892,0.0011507229229244576,-0.03791121738888522,0.0013466265864278187,-0.6751628348556977,0.23884375973227878,0.006885533754270187,1.55731142048521e-16,2.724941669095329,-8.857069401302978,0.001258355178407422,-0.6750667107834479,0.0011139740086636226,0.466046763636222,0.20429245927322592,0.02846560205648225,4.316391304439558e-14,2.203586622158047,8.011603280198967,0.000990984080580535,0.4658922259517518,0.026684819332312447,0.008972371947807188,1.0788755548792646,1.0731628300272973,0.0004980159562878638,0.6654911758966614,0.35630153768446027,0.14658285045844954,3.626282565789999e-74,1.4532051660501601,20.42929056441591,0.00038157003722179793,0.6654911750037381,0.0006665114149468134,-0.5529818104382003,0.06140501344525906,0.10755933490545591,4.840879570060412e-12,1.6111784469537405,-7.023417304093215,0.0005334409473826428,-0.552489227384498,0.0005104639567781165,-0.8418908772302659,0.1897056133938967,0.1848452318348343,2.3988176220565204e-36,1.327197079769894,-13.286309002960051,0.0003750789053180193,-0.8418894480562268,0.0005185936649318866,0.5166343662815798,0.11040652952640129,0.19874652577364393,6.05800189430973e-21,1.2862618125962253,9.6735806989276,0.0003753053419891688,0.516601857508869,0.2956827310502582,0.011727205345213251,1.1109434501185291,1.0061315198949492,0.00047916278783809114,0.6296699242138843,0.33156832461780117,0.03306380436864881,3.5637036062103886e-112,2.1336576904045703,24.98033895892387,0.0004224282760760387,0.6296699242049659,0.0005827924064234788,-0.5067186162790828,0.056025789480455,0.029202219108859655,1.667690879530044e-17,2.1832429784143708,-8.640805874755722,0.0005171259612974177,-0.5066290565957179,0.0006395677489309128,-0.7311035063618525,0.15074298440788436,0.011590702615425713,1.3384289041141604e-46,2.528070072799217,-14.943051855351003,0.0005885219890460107,-0.7311032696097179,0.0005310756321898057,0.5001849753628582,0.10232901563896746,0.041594187755202336,2.263352506553302e-31,2.0396457736840565,11.975154491681415,0.00046199608689779495,0.5001818248074164,0.4557241813842846,0.00973652914869099,1.0781878177444812,0.958770397426359
LU0056508442,0.0005695502346877982,0.6560978025863742,0.12758201283142456,0.5152306819238834,5.359650007503169e-09,0.6516420883245011,6.0464772559366216,0.0002727067836125195,0.6545453552519044,0.001247576633041704,0.2990565328801531,0.010377094043169555,0.1775164079295724,0.10668708059548099,1.3522528043225979,1.6190975332911375,0.0009248823281138638,0.23982019936691107,0.0014673977933838008,-1.1198546652950543,0.24575551614159918,0.0693105331579929,4.910927830790597e-17,1.8242328594611212,-9.025381538816315,0.0012306458257481997,-1.1197199278635281,0.0010640523424831814,0.8275879413120362,0.24093769768523576,0.18872806127106587,1.098981938543709e-16,1.3179460680650883,8.908071017307613,0.0007792219768692508,0.8274759748212894,0.043244778375511994,0.01467120267275788,1.6395544317185327,1.8616463602667688,0.0007745732701184024,0.8622480529823103,0.3317681771337919,0.09892577389735445,5.0012735055321755e-68,1.6521232156758678,19.348150604533632,0.000626132051920267,0.8622480495716601,0.0010126671352386181,-0.46887694651727396,0.02448708488861917,0.07412665160711991,1.5453793325712522e-05,1.7883147757242235,-4.350485290249734,0.0008433068888793189,-0.46282817576711377,0.0008090106907074153,-1.0138177955240903,0.15258982780024788,0.1259775648074193,5.748154018137716e-29,1.5318553870624179,-11.652030907387541,0.0006341557456839976,-1.0138089739276956,0.0008456110336281913,0.5500340817756181,0.0694135992005197,0.12711934346615436,1.8041685542226207e-13,1.5272454729008,7.49945328193597,0.0006620010213411738,0.5497297001564915,0.5522965218100389,0.015748462934645848,1.6720854265396101,1.5285657280235998,0.000840361656582776,0.8567628678005661,0.31839926964985465,0.007709172342712107,7.765908768332477e-107,2.6688441068755786,24.241602656033635,0.0007820974334929998,0.8567628677751642,0.0010161624209860907,-0.5060215695050556,0.028979839765164384,0.006961207410278311,1.1930678607330072e-09,2.703143411825356,-6.127371145319214,0.0009480850364028948,-0.5049172733695808,0.0010642099366470286,-0.8908449170933244,0.11608797743460908,0.003038474321403317,1.2832776231303447e-35,2.9695916999360534,-12.853737379196426,0.001009590147297614,-0.8908425863476293,0.0009322261000112786,0.6087511265842475,0.07861777061573583,0.011042251314712717,3.411594886357695e-24,2.545130990105812,10.360501233892668,0.000859081054712086,0.6087318543856519,1.0016038055541843,0.013521445830763243,1.683983705157685,1.4879299077868173
LU0070992663,0.0005820309889063345,0.6555009948901963,0.19737099482727039,0.38824536612649907,1.2956936694130907e-13,0.8643114148831647,7.840689296109997,0.00033679713109088024,0.6552431222542697,0.0013241845837000902,0.06025415529173746,0.0006528711923641239,0.0766015796276477,0.686459561455078,1.778107605658245,0.4041341706723544,0.0011004535618988397,0.020031219829537046,0.0014442443589848001,-0.8376179214676933,0.21308663228324087,0.029573214742267786,1.0543255128799421e-14,2.1883050908631807,-8.227817416191828,0.0012823350369575587,-0.8373941780545333,0.0011498206144583772,0.5962916187452416,0.19385553022360802,0.08659011679085084,2.2568965488777116e-13,1.7204385991916162,7.753586963550266,0.0009440169513564002,0.5960356902331017,0.04621589931437765,0.011784836139859726,1.3522925831432373,1.4399090450505092,0.0005158539411934483,0.8103022928551922,0.3729625331591483,0.20040656535374043,1.802866725735861e-78,1.2815156274270498,21.17734589284942,0.0003726445206496774,0.8103022923406243,0.0007344664605457328,-0.5049332669451525,0.03614831717809153,0.14138944532707276,1.3859773772835392e-07,1.472180356605698,-5.317709517548974,0.0005659617045325116,-0.5024570876675739,0.0005822543685643641,-0.809623530931042,0.12387189890417938,0.22159144430553948,1.8223869282744066e-23,1.2233189091413343,-10.3249573279187,0.00041092488578289187,-0.809596971967142,0.0006290578486864185,0.39198463140920814,0.04487497617839775,0.20617146358325344,4.058298283548515e-09,1.265253140802787,5.951928106234004,0.0004515579423978649,0.3909651495396649,0.344154613496061,0.013958156949797145,1.4330799263101446,1.345253278267716,0.0005697979128085569,0.7998560419534977,0.34014113030868687,0.04194445774841472,1.047692211909634e-115,2.0361495662600815,25.46504022023279,0.0004954219958404776,0.7998560419465205,0.0007214032293552997,-0.5384090423427474,0.04021307753855807,0.03279097780274732,6.759691753843073e-13,2.136992994889046,-7.259999020470739,0.0006362710372137609,-0.5380304822478226,0.000785431053357784,-0.7080339657343262,0.08988265991865019,0.016937173389060107,1.3931900591168337e-27,2.3912538094942666,-11.1462706483005,0.000713552432849453,-0.7080237495138758,0.0006889650285380961,0.45529509707195026,0.05390286082505136,0.04007659774943663,6.98117666653074e-17,2.0550881749203946,8.466001939575309,0.0006007213256434235,0.45519925525300897,0.6379478301075949,0.012212889045510539,1.4790431393717123,1.3597981273634803
LU0107464264,0.0008102398568512814,0.43411674416976526,0.09823002121531066,0.2277321504401663,3.791301300488593e-07,1.209190019223628,5.218482564658841,0.0005684327560489702,0.4317657673046819,0.0011505252006784904,0.5970253794655973,0.07273335677129611,0.08878929483150418,1.4207642217903928e-05,1.7084756196560589,4.42827416792345,0.000942117097134897,0.5898998398683563,0.0014084644051722418,-0.7744917813134125,0.20672474015760167,0.02441997112035079,2.927168539640556e-14,2.264184666989389,-8.07150047562509,0.0012621042136727173,-0.7742498964476693,0.0011347260756121758,0.5560535418381886,0.19128836322959797,0.07216060808765415,3.379851563787411e-13,1.805747354183257,7.689842302757701,0.0009482320501470221,0.5557991749760458,0.039168886526426465,0.011063085695609579,1.3035510604014537,1.3800574211559304,0.0006126088240295041,0.7144208292186165,0.3155164114388559,0.12904157745477257,4.407861678598453e-64,1.5195568801959767,18.64297125450143,0.0004785646076737451,0.7144208234983723,0.0008302660420730157,-0.1333644950053485,0.00274437359402957,0.08827324501542445,0.1501497350826074,1.7067877483549048,-1.4404694143726304,0.0006796161673959997,-0.10178157307363331,0.0006584761435429457,-0.7671211278479162,0.1210255616316589,0.15002792465450487,6.26094201367495e-23,1.440900507514097,-10.189106544668233,0.0005026052927978784,-0.7670923013956403,0.0007135904327979959,0.3424474425835575,0.03727319942568519,0.13628228311094767,8.796700764739261e-08,1.4913712678152156,5.402969033491209,0.0005529870433161611,0.3409053363592534,0.39413634330552283,0.013379836669354803,1.3633065720322022,1.2478112482482995,0.0005302126334455787,0.7031700620688157,0.3100043733833361,0.04442346867154897,1.7374501373764653e-103,2.012088350583166,23.773934501256715,0.0004593183522111372,0.7031700620355366,0.0007178907002275538,-0.1865385341573932,0.005692346470043019,0.023442940065557777,0.0073779138958421425,2.268904202089068,-2.683648254929689,0.0006436425304977042,-0.17379543885153445,0.0007171079273895983,-0.6721091952719929,0.09551223143323984,0.017544233897026727,2.7294563113300744e-29,2.378237750863048,-11.525730677841793,0.0006506221131796987,-0.6721025596963575,0.0006323257188284517,0.40922284163932837,0.05135197926123514,0.041015205010398056,3.887730554432174e-16,2.0454799819186436,8.252135713864913,0.0005505545552996448,0.40911615676196134,0.5494249919503353,0.011246213248556784,1.3170268709752604,1.201940153867426
LU0143563046,0.0004849349773840764,0.6786420536916338,0.2570527342555967,0.410121300747058,7.284946768438367e-18,0.8250649099163556,9.300410630194483,0.00027243329513827145,0.6785800348354707,0.0012742002644140073,-0.014661249635412127,4.696772771572988e-05,0.06052713515659446,0.9137948762100728,1.885461298744609,-0.1083627401216432,0.0010808288593072619,-0.0015056802829499201,0.0013588701746900678,-0.7160143225842766,0.18919592359438153,0.026241218103221848,4.693239494590151e-13,2.2359016315478,-7.637793810993156,0.0012136127882087851,-0.7156692821405481,0.0011151709200515989,0.48477128169062844,0.15568207950300372,0.0735043921899762,8.142795565978722e-11,1.7972396642805346,6.789476863877294,0.0009303248732097278,0.4842256437678522,0.02849563715726759,0.010691078356645465,1.2382254724069452,1.3017462640295772,0.0005175470996527166,0.8298984760823898,0.43973692282981636,0.14970028617336253,6.089335526541842e-97,1.4420613651982082,24.32686462192038,0.0003951783322031717,0.8298984760597953,0.0007390721857482179,-0.5468626942600445,0.047659407519799246,0.11451480305680678,1.311975261726469e-09,1.5800499978850584,-6.142764198791911,0.0005868493307193055,-0.5456874998889278,0.0005909413751181543,-0.8065483847031926,0.1381781364160075,0.1848483333570076,3.4816006812231024e-26,1.3271876969972163,-10.995034204348938,0.00043421066360229354,-0.8065348469141435,0.0006317175343858697,0.4062277593854229,0.054172299951252056,0.17624032306346055,9.286402337163143e-11,1.353691905098926,6.571557250217912,0.0004685544122194695,0.40565919644808496,0.3501690791589595,0.013164784628324246,1.3234452229955136,1.2209087496457731,0.0005245979012306778,0.7917656976965093,0.40614005519814245,0.02934328482001523,1.5646964825655043e-144,2.1813349965701696,29.331631182563584,0.0004653756657828901,0.7917656976963647,0.0006735038946063173,-0.5391096138744288,0.049129658087010974,0.02709987940616304,1.730643452301089e-15,2.2126635148642633,-8.06216237074353,0.0005998166093822761,-0.5389396625917113,0.0007383103432363721,-0.696033516845413,0.10584613530715903,0.012428094458750519,1.8841768110920565e-32,2.503355966480611,-12.203142826701427,0.0006779091845070603,-0.6960300264666172,0.0006458781839803349,0.4394618504423373,0.06119489525768973,0.03295793781497523,5.052113574404183e-19,2.1349490981753725,9.055453342346027,0.0005695026951295783,0.4394105421261571,0.5777621049199484,0.011062789285091669,1.3021802568519423,1.177112685277637
LU0147408131,0.0005201398265703098,0.6576049630733077,0.12811154306375305,0.5522764890215779,4.958224318459504e-09,0.5951575522635438,6.060851892743228,0.0002332953657715418,0.6560711566591356,0.0011997983990350322,0.2994685229688081,0.010401053738040789,0.19473296091867454,0.10628135283725554,1.3001908386630072,1.620985247402622,0.0008728775851512159,0.24026245322869436,0.0014197591492378834,-1.1200789128221762,0.2457440458107074,0.07885180466814998,4.920383459140244e-17,1.7646017014169477,-9.025102286864046,0.0011766183195328873,-1.1199441107714045,0.001016337103699657,0.8277406128483975,0.24091885533200186,0.20936750242782182,1.1024389920104657e-16,1.258548465326217,8.907612128946726,0.0007276302279121592,0.8276285743009371,0.031232843527894655,0.01467448299750059,1.6320723354824171,1.8694048153254843,0.0007270409087739635,0.8622267739448983,0.33154809966202614,0.12155924018184357,5.664188416049388e-68,1.5500078524813694,19.33854802423379,0.0005727291607324199,0.8622267705014243,0.0009652682880042008,-0.46712069349383456,0.024289064757760048,0.08880905612603042,1.6744653514217958e-05,1.7039146593635937,-4.332419312808401,0.0007896186317016036,-0.460984722383792,0.0007617215895836895,-1.0127663731531364,0.15217999341316735,0.14985232585532535,6.906659040619754e-29,1.4415224313464545,-11.633559705740723,0.0005815231493156275,-1.012757396416415,0.0007986487850952221,0.5484825118684299,0.06898015797334933,0.14981659542979878,2.1569101384890718e-13,1.4416490471190007,7.474261646428205,0.0006097384974324795,0.5481712455023426,0.516356915618204,0.015753302019056593,1.6651450532282341,1.5351007045180194,0.0007928084670662842,0.8562803299232081,0.31799930778365093,0.0119620532330546,1.1238624605126915e-106,2.516921076072971,24.219267285656496,0.0007288227052596251,0.8562803298972471,0.0009690957986160293,-0.5026494147181071,0.028591157084620344,0.010071869201968803,1.54446342671908e-09,2.5772555824408845,-6.0849240244200455,0.0008954617240721294,-0.5015049135122295,0.0010165063882988453,-0.8907945002548534,0.11605972415798615,0.004637836187592705,1.309496233141276e-35,2.8362488094723033,-12.851967726760991,0.0009568931237901638,-0.8907921655130375,0.0008850980870454043,0.6067946474130362,0.07810306886742102,0.01584969687142429,4.863088875937633e-24,2.415631802062817,10.323647930502984,0.0008060491853610201,0.6067747159851863,0.9414939163738244,0.01352232665178608,1.6740401669427742,1.4937853920305546
LU0147408487,0.0005512570911405072,0.6555452659620256,0.12740540063951733,0.5287847720449903,5.500590731240447e-09,0.6307429686178225,6.041679220135,0.00025788013501619803,0.6539866657221851,0.0012285942440191343,0.29924030744316477,0.010392966630255907,0.18410996465384066,0.1064181095510773,1.331888011890577,1.6203483235471385,0.0009042719059447458,0.24004166376001687,0.0014482526620272084,-1.1181373175936609,0.24507579243269373,0.07308340477675461,5.5036112911710543e-17,1.7998911244604787,-9.00883299817313,0.0012088320414999057,-1.1180005419766188,0.0010453654840855543,0.8268199073495593,0.24056280608074054,0.19662693977589735,1.1698310761905285e-16,1.2946747410381634,8.898940710065643,0.0007589489661582843,0.8267070187515599,0.03847378652193431,0.014669003924042046,1.6364917835780102,1.8645959968639225,0.0007556714253843225,0.8616869086032548,0.33146336699368417,0.10743535234189328,5.9421780415721755e-68,1.6117476052954203,19.334851321665553,0.0006048858112703796,0.8616869051491918,0.000993664137370112,-0.46789845790215456,0.024394325828110408,0.07966387720845489,1.6045569172870727e-05,1.7550090121676878,-4.342031045224195,0.0008218539600023748,-0.46181106279831907,0.0007901724740183134,-1.0127962422205137,0.15234078575822274,0.13500645245510765,6.426696043626108e-29,1.4962519525402516,-11.64080796762598,0.000613199100238709,-1.012787330051458,0.0008267498134752278,0.5494425319168347,0.06929089617523643,0.1357592311079716,1.897732353853886e-13,1.4933679065241676,7.492327989137149,0.0006410494882460936,0.5491363034412081,0.5378711547090944,0.015745447760768274,1.6688812325517073,1.5307232009766247,0.0008213087867356768,0.8558396466155123,0.31802703648664465,0.009190803646291046,1.0954373279927166e-106,2.608910112441819,24.220815579356405,0.000760848360644384,0.8558396465896048,0.0009972127609579819,-0.5039334695904402,0.028769530683996458,0.008060457042159113,1.3719179144037503e-09,2.6537559626574945,-6.10443621161381,0.0009270225970671804,-0.5028082164287394,0.0010449093846505437,-0.8900052120868233,0.11598359892111831,0.003596880296342518,1.3828320078034576e-35,2.9170014455443676,-12.847198949785835,0.0009883843290481383,-0.8900028682631406,0.0009132763468244799,0.607411334694758,0.07834935053705272,0.01274947365482229,4.10445307859645e-24,2.4942619668564383,10.341293263303298,0.0008378786636115262,0.6073917319767771,0.9772281780391722,0.013514775229247256,1.6793492235698457,1.4896241277178541
LU0196035553,0.0006308659390767299,0.6423930744364919,0.19325249041649273,0.3463346528643785,2.481742919035704e-13,0.9435028546248215,7.738623846287878,0.0003852938545500086,0.6421132025879828,0.0013577721921767846,0.06054743749221196,0.0006720967808970801,0.06681879515372047,0.6821238311373774,1.8409160711103028,0.4100453629720706,0.0011423317565597147,0.020366938203601668,0.0014757589950046405,-0.8202317175689868,0.2083167450815948,0.025258708461901584,2.2687409178320842e-14,2.250939131416261,-8.11066316046319,0.0013203611488397148,-0.8199853858690895,0.001184506259898414,0.5931074399332065,0.19553040844347302,0.07443936341100402,1.73303928105729e-13,1.791395422095618,7.7951116809576355,0.0009870166674806303,0.5928632322165452,0.054700037153016974,0.011671593642615297,1.3420402570544752,1.4118680117894644,0.0005691275053403282,0.75030654565476,0.31722360280888573,0.17758165309152435,1.7147239431071747e-64,1.3494994159521392,18.716695276840476,0.0004215128674740851,0.7503065400741553,0.0007779027806452687,-0.38807869701415965,0.021182473628444498,0.1237152286303946,5.906210461288566e-05,1.5410867507294237,-4.039458415312549,0.0006113162621551537,-0.38124579325422686,0.0006449732265310661,-0.6892919700222009,0.08906969022985167,0.18602538636371144,5.1104475667289356e-17,1.323635251972061,-8.58633972161946,0.00047330330800130627,-0.6891633219572121,0.0007019635896586434,0.28761999888133616,0.023967418771699722,0.1646059259050937,1.9075696950053648e-05,1.3910984132429371,4.302928675987476,0.0005273137378313287,0.2837288226517027,0.36993445546747805,0.014014267149129145,1.430449398795908,1.3321014174192398,0.0006192508932424046,0.7497218396329941,0.2968959882319693,0.03281008734685539,2.4559078491681174e-98,2.136758607542054,23.047970915412662,0.0005461564825084369,0.7497218395596621,0.0007726366711976837,-0.4451788245927048,0.027313674649493302,0.02361247208328462,3.607540722371458e-09,2.2661340650017348,-5.943523461253373,0.0006925047053462168,-0.4440112219852047,0.0008243447184980725,-0.60834217520895,0.065922261606984,0.013671064933308266,2.0354677720574802e-20,2.469266175112343,-9.422472071109258,0.0007545664504686987,-0.6082929689554192,0.0007495911111159223,0.36368191401900163,0.034169434412686606,0.027580685113324045,3.790004816008214e-11,2.205765598714412,6.671273459066989,0.0006670115443697852,0.36322120739824154,0.6802199447867381,0.01225278509985578,1.4798767448908197,1.3487225029525565
LU0209158467,0.0005814152458903155,0.6559131062684682,0.1975036460852463,0.3888461830105606,1.2687881475789506e-13,0.863215812331424,7.843971898804615,0.0003361722845315987,0.6556559171457335,0.00132412194492156,0.059973298713623585,0.0006464206997349731,0.07670205759190465,0.6879308753950832,1.7774976437510208,0.4021314554172524,0.0011002650038448923,0.019857590392474974,0.0014441083813649938,-0.8376412933247898,0.21297386928948658,0.029647185712772726,1.0736538441194563e-14,2.187302275452262,-8.22505080001439,0.001282051872019047,-0.8374169237820523,0.0011496599531632822,0.5963597463411637,0.19378640551105253,0.08673894387536625,2.281607339449438e-13,1.719621283114303,7.751872115192659,0.0009437167945575546,0.5961033492833476,0.046180903752245046,0.011788284494398622,1.3525541672474066,1.4403431461886453,0.0005340485861800954,0.7529977140833881,0.318010109641926,0.20658943355496437,1.109043899809355e-64,1.2640870173971148,18.75068628660687,0.00038318141286477266,0.7529977086699389,0.0007436770100700376,-0.3881648884395835,0.021092844593510796,0.14204150122472073,6.125352453927088e-05,1.4697688198920307,-4.030718771041411,0.0005726471785824906,-0.38127047492218025,0.0006093120651817993,-0.6953562713974328,0.09022021206785369,0.21230377674317122,3.1537388467436826e-17,1.2483134340349542,-8.647079516662636,0.0004344465620795506,-0.695234139681974,0.0006672886364622501,0.288846566023614,0.02405930675430379,0.18745240247961656,1.8378420600313325e-05,1.3193506533282073,4.311372171664735,0.00048891649730489,0.2849716520505853,0.34406497887469933,0.01404714593544009,1.430236706676814,1.3421260025387431,0.0005848143726441481,0.7520684877519088,0.29760533269727385,0.04411122967531664,1.3000549914632494e-98,2.015055458004616,23.087136580612416,0.0005068510084015336,0.7520684876811727,0.0007389687295193594,-0.4450514012203822,0.02719276696160755,0.030723763213627697,3.909119679322174e-09,2.1630687005811113,-5.9299854187070915,0.0006540081902433912,-0.44386822283401334,0.0007903677762876905,-0.613635486188402,0.06681578873605254,0.018227510953345277,1.1075664384939513e-20,2.3640521518881576,-9.490654841469858,0.0007160428613181564,-0.6135891231980767,0.0007155423225686474,0.3648887154929361,0.03426392950161605,0.03578576351642095,3.5590765555467775e-11,2.1016116346778344,6.680818574039296,0.0006280606676238416,0.3644308712144581,0.6377678840860643,0.012276492364941247,1.4774837014090048,1.358087645042898
LU0209158541,0.0006312095240450493,0.642272734426919,0.19324461571478868,0.3459944890660954,2.484821504127227e-13,0.9441697404709409,7.738428409477846,0.0003856674980897203,0.6419928603146687,0.0013579993112289698,0.060463493984525093,0.0006704583313844603,0.06672854133205788,0.6824904930027542,1.841529959450272,0.4095449143076491,0.00114265507607713,0.020318615874361626,0.0014759294362230015,-0.819957965062637,0.20824724883332046,0.025224217946454127,2.2941405843330855e-14,2.251476205529707,-8.108954248371878,0.001320597089937695,-0.8197112943974945,0.0011847238599099602,0.5930659642795524,0.1955683614314161,0.07433159243731573,1.7226881387772891e-13,1.7920659801038952,7.796052072408575,0.0009873303957752756,0.5928220031670429,0.054751529418242025,0.011669644954877004,1.3416898602140965,1.4112793700128385,0.0005691445114240991,0.7503984070573075,0.31722498930547693,0.17762033797455296,1.7134079991317106e-64,1.3493788528595954,18.71675518337184,0.00042150766420687624,0.750398401476354,0.0007779516269255785,-0.38804761301204393,0.021173987962687768,0.12373839867378007,5.9266162792392466e-05,1.5409915402251277,-4.0386317278849715,0.0006113387855525601,-0.3812096059898177,0.0006451436818861572,-0.6887702017559971,0.08891351210047083,0.18599976187076134,5.456299118899629e-17,1.3237124112636853,-8.578073294370547,0.0004734416428618696,-0.6886405840136088,0.0007021259712747859,0.2873079740232154,0.023909694374281365,0.16457156972575834,1.9527223583393046e-05,1.3912117771485288,4.297616769215408,0.0005274555210450224,0.28340031706316554,0.3699695057816642,0.014015953748649179,1.4301840835727688,1.3317923749943144,0.0006192860029192249,0.749903011401612,0.2969435959696416,0.032822443692494346,2.3533155512573017e-98,2.1366071135724454,23.050599131001203,0.0005461763731212696,0.7499030113284548,0.0007727354198781536,-0.44514631083253137,0.02730086801029863,0.023618070423444236,3.6383500167413324e-09,2.2660428837452753,-5.942090802211368,0.0006925859047685297,-0.4439771196482093,0.0008244583484881063,-0.6079510064960724,0.06581625586492501,0.01367861054187496,2.1877885844021478e-20,2.4690677517748183,-9.41435897049885,0.0007546566131071118,-0.607901431301174,0.0007497227512519261,0.36354976035988484,0.03413358240056663,0.027581368741538072,3.881487446738664e-11,2.205755865179888,6.667648898014772,0.0006671278782826919,0.36308754886803746,0.6803365973354485,0.012254764875658323,1.4799898837805996,1.3488171491481464
LU0721876877,7.63903138190162e-05,0.7493261223741876,0.1856146968059187,0.9239647859446116,8.216948069895495e-13,0.09553706457906394,7.548509756244639,6.960328377302468e-06,0.7489313063788134,0.0007799937366695475,0.602272437514316,0.04694328451707508,0.3637816826742909,0.0005330638974195268,0.9098429545940395,3.5091131159233906,0.00046597805221702137,0.5842503735863589,0.0010664770805862357,-0.9935374340072518,0.2157579209302959,0.17093001409470765,6.851178646432258e-15,1.3731693644951015,-8.293317804906904,0.0007963353679622274,-0.993288867805803,0.0006707102299690624,0.8527900547704899,0.2853507598748276,0.36675269792168796,5.3981948030177694e-20,0.9042134989443045,9.991094181728137,0.0003991663636062559,0.8527509918188761,-0.05384614363329479,0.013891736946963761,1.5743939978355792,1.9175559100869741,0.0007352626946611302,0.7835568651232825,0.35774593902897656,0.06795206836032126,1.5516136275569963e-74,1.8279499590292063,20.49366344205481,0.0006170745401827699,0.7835568641374898,0.0009487963873886809,-0.4615209753602153,0.03097887232255836,0.05510597083799435,1.1189231662616156e-06,1.9210198635515392,-4.909664912045818,0.0008098380222165728,-0.4581172770074418,0.0008073957818135995,-0.7495813388571644,0.10891976244031021,0.08886607888545746,1.1445003186986769e-20,1.703609720680126,-9.600207271142969,0.000660429341530971,-0.7495305811818782,0.0007913085062540559,0.5227204021683877,0.08185923013891527,0.10056362368644842,1.0402832147012884e-15,1.6441424764587254,8.19907510422403,0.0006384449956302667,0.5225767022978753,0.5035659357775998,0.013782338892287681,1.4883030272051114,1.3434532164607256,0.000581070532720389,0.8023820725198798,0.3345077139645881,0.04116379894358846,2.2186588690337183e-113,2.043976022882782,25.14617168319076,0.0005058144957876317,0.8023820725102518,0.0007521008563523878,-0.4402255506689429,0.026272495397044904,0.028953756834168443,7.202129531342567e-09,2.1866229463585163,-5.8260239293091605,0.0006676434376991859,-0.4389269811592905,0.0008015240665366961,-0.6333430940656345,0.07028360403831246,0.01714388282027638,1.0389601830695239e-21,2.3867763718686232,-9.751963951710758,0.000727843533485489,-0.6333062459819068,0.0006567573043769087,0.6051202526825497,0.09305023152204583,0.048150603619314385,1.5283120363643945e-28,1.977964751181626,11.3607612328491,0.000565894584079001,0.6051132069561458,0.653160985613887,0.012354394230087785,1.5542646219931475,1.4404481302024914
LU0724618946,0.0005979203394161273,0.6565957056018604,0.12771849309094396,0.4946076913551152,5.253198646802502e-09,0.6840015801508369,6.050183747891988,0.00029621345844084006,0.6550478279793797,0.0012766182959252559,0.2987050104269334,0.010348075916758237,0.16777604191271217,0.1071807301973906,1.383400949125311,1.6168084517180552,0.0009565389390276455,0.23940271301322627,0.0014962239405887801,-1.1188846071155747,0.245220047622288,0.06420320828049629,5.372166431909006e-17,1.858992418453259,-9.012345079533738,0.0012630680188460976,-1.1187482199317167,0.001093136004694678,0.8271583139368209,0.24057979659954265,0.17716717865104617,1.1665241898209828e-16,1.3533471016662375,8.899354513635188,0.0008106980742391883,0.8270454258581494,0.05053923328636667,0.014674489548459164,1.6447667055914335,1.8579058343729768,0.0008033891599318564,0.8618900116527468,0.33151374971292,0.0870658065020004,5.775284613167572e-68,1.7133142121690872,19.33704938267517,0.0006585643192477629,0.8618900082054554,0.0010414731309433506,-0.4675686213677829,0.024352166848675805,0.06629120428574782,1.632198445264096e-05,1.839115789128124,-4.338183678675953,0.0008759227321619359,-0.4614620684527373,0.0008377060189649872,-1.0138436117144383,0.15260728606688523,0.11310040934503778,5.703360243170951e-29,1.586256450982901,-11.652817496240068,0.0006662355986797893,-1.0138347968298254,0.0008743818055696018,0.5498476937501542,0.06937096673375132,0.11470457247528357,1.8361429547883607e-13,1.579221884942194,7.496978194294256,0.000694140733557176,0.5495426612270318,0.5739948317237875,0.015747963655444046,1.6770511791397273,1.5254830035197247,0.0008693129083929755,0.8561441926877783,0.3181055362394931,0.005847764809883158,1.0187990271364729e-106,2.7609138207134327,24.225198933434903,0.0008143428129336567,0.8561441926619748,0.001045273946752485,-0.5041419476331418,0.028779960726271203,0.0054996331309539095,1.3624471657801902e-09,2.7810237135670204,-6.105575439738812,0.000980493062322224,-0.5030175106726542,0.0010929877641074573,-0.8904205843223763,0.11603794273830315,0.0023316091861573644,1.3300736037262444e-35,3.050603348693944,-12.85060335189992,0.0010412562607794132,-0.8904182473742821,0.0009610589182302623,0.608487812627075,0.0785907698132825,0.008782847066160239,3.4756471510216595e-24,2.6244955090851203,10.358570178930536,0.0008914049127474783,0.6084685115291089,1.0378350983924534,0.013517918348705374,1.6886439722795623,1.4828944320715385
LU0828813369,0.0006272633779103481,0.6424063259866333,0.19329875075657155,0.3490292986191016,2.4637339222342013e-13,0.9382348016124111,7.739771927261603,0.0003818039399852387,0.6421267695026032,0.0013539114026650863,0.061555298530822256,0.0006947958161429568,0.06756240524972768,0.6770969351395326,1.8358841517457405,0.41691692608031383,0.001137999845598567,0.020985698929932975,0.0014721137056557857,-0.8197627542996194,0.20811982805094387,0.025621888392014378,2.3414460681588816e-14,2.2453222437484444,-8.105820816202536,0.0013162265634171428,-0.8195153684066598,0.0011809636651919238,0.5929678940787223,0.19547712953554652,0.07528594218643672,1.747674610019055e-13,1.7861555198488246,7.793791505253289,0.0009830302811725158,0.5927234212849666,0.053796055891110035,0.011670437671293624,1.340961034599619,1.411702401728517,0.0005655420009241622,0.7506746693083672,0.31732125406276934,0.18044044702634474,1.6244621270847112e-64,1.3406421111273743,18.72091463287903,0.0004175523339089431,0.7506746637485331,0.0007745482474156508,-0.3866602277704659,0.0210137561807473,0.12550016846752995,6.325488319516181e-05,1.533792537771582,-4.02299249790012,0.0006074657954257682,-0.3797392722224109,0.000641541260491009,-0.6891410448963537,0.08897077103171103,0.18854799767720926,5.3268700116276225e-17,1.3160774879119224,-8.58110457532345,0.0004694893884732506,-0.6890117498901442,0.0006985862152779798,0.28737664195452167,0.023910774933142087,0.1667988002822968,1.9518673749792046e-05,1.3838992927089178,4.297716258784159,0.000523520869697082,0.2834684398911107,0.36731275280356834,0.014018986434849655,1.429656226081843,1.3322589874431636,0.0006143392300758175,0.749950262800063,0.2969548220172308,0.034246733288025986,2.3297542077109422e-98,2.1194636244202973,23.051218880330833,0.0005405595288125744,0.7499502627269465,0.0007679705941764832,-0.44426611411860134,0.027190611016080557,0.024504100274448024,3.914719972821925e-09,2.2518431070302247,-5.929743767422524,0.0006871761392074138,-0.4430847379877208,0.0008194767150762575,-0.6088774180033907,0.06601117052980465,0.01425076709700808,1.9159120510892353e-20,2.454296692132545,-9.4292727103056,0.0007490643215502264,-0.6088285022484234,0.0007448719259068345,0.36327584128384555,0.034079159106977785,0.028611075250131082,4.024592913994379e-11,2.191325883308366,6.662143566559621,0.0006616187390443542,0.3628114283261456,0.6741225499367152,0.012255311472830464,1.478230896732112,1.3485966466931085
LU0942195156,0.0006251747721927369,0.6437968377278297,0.19414263381798302,0.35037425977037595,2.1570743072290458e-13,0.9356151155196161,7.760708529824444,0.00037989091746192433,0.6435224807887118,0.0013541045406661972,0.05907684541115759,0.0006399922483411036,0.06752667403737031,0.6894056614344117,1.8361248892374689,0.40012563674469476,0.0011382141625756043,0.019481426627542733,0.0014718080694307953,-0.8211677250819045,0.20884046253804944,0.025583418280882498,2.0860999333506932e-14,2.245913923456062,-8.123539445142292,0.0013160454808879476,-0.8209242673806211,0.0011803997513778284,0.5932315524415899,0.19565722411294906,0.07538738873333886,1.6986915628430094e-13,1.7855308683532598,7.798253797369252,0.0009824372622118604,0.5929880599076323,0.05367520047400499,0.011670252128009474,1.340780120452955,1.4116270702980356,0.0005654446586079734,0.7501096115458734,0.31728915044749284,0.18021989842728833,1.6536009433438045e-64,1.3413216930500265,18.719527458262277,0.0004175809835277121,0.7501096059825123,0.0007741953008101639,-0.3875992821957995,0.021145635127505447,0.1253816786117469,5.995311820072956e-05,1.5342742299211565,-4.03586842425028,0.0006072694113105825,-0.3807502757054866,0.0006415981404054252,-0.6877333142970419,0.0887322239784516,0.18825661940642477,5.887142749638682e-17,1.3169466248888007,-8.56847136599545,0.00046968049896755715,-0.6876026429916153,0.0006986757187341001,0.286388476322058,0.02378000380865386,0.16647543575615925,2.0581127202171825e-05,1.384956384440967,4.285660687347021,0.0005237729296818228,0.28244647513199256,0.36710264405711024,0.014009138543895319,1.4285137339945777,1.3310714065014013,0.0006143793422117048,0.7490806205468845,0.29661984710185507,0.03417093375226713,3.1454214279488095e-98,2.1203604618681218,23.032727474884116,0.0005406609666953813,0.7490806204724898,0.0007678330174882037,-0.44374850704686264,0.02715964089512679,0.024446917833416307,3.996059081407224e-09,2.2527459639081924,-5.926271481652714,0.0006871259361416881,-0.44256440289969307,0.0008193034033570777,-0.6077169172480772,0.06583820419893494,0.014222538609647579,2.1553433463984108e-20,2.45501305311129,-9.416039198781048,0.0007489563133634034,-0.6076674443375788,0.0007450702541097868,0.36180712954083283,0.03384446877727687,0.02849357895155414,4.704611051429836e-11,2.1929495775941015,6.63835768529324,0.0006619300044122705,0.36133346049030085,0.6738254952193377,0.012248010240729633,1.478261972252647,1.3487161996591444
LU1046421795,0.0007683307095623697,0.6509548936219351,0.24572245775440194,0.1872389001597098,4.938228720487696e-17,1.3224138466409718,9.024576712536186,0.000563577293792746,0.6508765096929882,0.0015667066935130846,-0.16626171016701613,0.006275443534252134,0.01852716670814029,0.2101109853321158,2.3704216425616016,-1.2564904915000075,0.0014203115533757517,-0.11893510461289941,0.0015999516658913898,-0.6330139107293875,0.15363749947569683,0.009161783065889894,1.1086931739313971e-10,2.6264100277417377,-6.736594601718461,0.001484214863157058,-0.6322627248915164,0.0013987491435673138,0.38403227805099716,0.10150856306925837,0.02681008632215042,2.368188937558245e-07,2.22741740137397,5.314524006299411,0.0012479549054658472,0.3821429852112737,0.09183778578987345,0.010488667766562902,1.2995304111175685,1.2925618562214596,0.0007118178796145255,0.7885450831479555,0.38563854452284685,0.062328754824987155,8.034204851642187e-82,1.8667190775165998,21.755241575670823,0.0006017493669712795,0.788545082866995,0.000908313038108744,-0.6947376203131965,0.07471676448083986,0.052551899260679755,2.0189065207259847e-14,1.9416480491475305,-7.8029235996479525,0.0007779998065750001,-0.6944537930204947,0.0007891100383605118,-0.7345918802924358,0.11134099727445634,0.0858208510013572,4.059403882792419e-21,1.7201205651401754,-9.719538713614519,0.0006478241786893839,-0.7345477329979354,0.0008539795584575574,0.295404706094679,0.027826416375497653,0.07564610114722896,4.000743766624894e-06,1.778978387305155,4.645606327807302,0.0007098188266844693,0.2925677264710804,0.48704680907712733,0.01335800424471591,1.4150780218293775,1.2685492456242757,0.0006565244837017462,0.7463713598785215,0.34142183830883177,0.011813014140906356,3.0811524689832866e-116,2.5213582196755757,25.537730879262252,0.0006037724794112657,0.7463713598724674,0.0007765427121250824,-0.6154881369457788,0.060579804509740987,0.012671913477973357,7.66534660025768e-19,2.4964379104800245,-9.00687858027042,0.0007125727432726935,-0.6154127003607212,0.0008581487026157249,-0.6530695680211107,0.08815206668114439,0.005149140606201716,4.646255314646313e-27,2.802467463800997,-11.027964534926767,0.0008060932298596872,-0.6530589614428032,0.0007948629329130972,0.33302413141015846,0.03324475600677301,0.011915442765709845,7.010528660160093e-11,2.518303448248819,6.57723905980652,0.0007307999799397698,0.33256066626950676,0.7258454820076452,0.011374620741634913,1.3976396777772953,1.2428517470934708
LU1047850349,0.0006163322139594004,0.5889528433809367,0.2739463616290605,0.20819099801349697,3.9841618330767915e-19,1.2618159587062432,9.712217948589032,0.00044182428690990594,0.5889171885927557,0.0013644058418850018,-0.2452617705755908,0.01859863583061172,0.016051313298400312,0.03044338740075472,2.4242191293941606,-2.17664308319048,0.0012435914758219917,-0.21744377850064908,0.0013590205515086357,-0.4941926901450685,0.12753365015137497,0.01092406716784186,5.397883844986312e-09,2.5642848670911085,-6.045163569145336,0.0012544110201485722,-0.49302180273318463,0.001208976022107458,0.27782145752569043,0.07235361370149718,0.027928075990873474,1.4989429934706575e-05,2.2111892851396058,4.4157948557753794,0.0010765082041682508,0.2744640006254402,0.03545436704765002,0.008987514677891488,1.0706928028404001,1.047684514872355,0.0004608003739102558,0.7176752457883337,0.37691131194413297,0.19282568565332714,1.657089882369478e-79,1.3034304809227966,21.356512065218624,0.00033564769291599217,0.7176752454073446,0.0006340121379930686,-0.7026861876797188,0.09018932092376475,0.1380561061823518,3.194900150174101e-17,1.4846438939942588,-8.645452247319248,0.0004903557569278444,-0.7025625675450512,0.0004993901566644058,-0.8020937909917853,0.1566278650221713,0.22520412221840597,9.373292079173296e-30,1.2138001202564859,-11.833427738982492,0.00035103819838185356,-0.8020879695201539,0.0005371636061918732,0.41145405826239323,0.06369729939231172,0.21588926757914065,1.891979800439388e-12,1.2385726256691805,7.162061480766002,0.0003814948970933327,0.4111349944353525,0.28015542205861477,0.01229682010984189,1.1450064054171816,1.0501824766704497,0.000514376624775497,0.669381587638814,0.3258155782427451,0.033641490853056406,7.881842726706675e-110,2.1266725925730383,24.65680989158736,0.00045304576504843146,0.6693815876257113,0.0006088182340364019,-0.6215706816338609,0.07330143786266519,0.03202610249446877,1.31678060119743e-22,2.1464721198093644,-9.975331173235245,0.0005376499238938334,-0.6215417575749308,0.0006894045695505193,-0.6934603268835561,0.11792334820248906,0.012782420818272903,3.4447038246726895e-36,2.4933411850953604,-12.968419724207447,0.0006324367182034028,-0.6934587091444098,0.0006047830954940998,0.41256623918849,0.06053437608337875,0.03444164529936116,7.904972170177911e-19,2.1171652579801026,9.003283157740226,0.0005319839209890013,0.4125154913566839,0.5159663677963595,0.01044235787354483,1.1624710412831911,1.0368560407524041
LU1116431138,0.0004469845943237265,0.8188531734265507,0.5130363792398416,0.27246409567052615,6.066044610100275e-41,1.0998300873539963,16.229151944352292,0.0002981710648623137,0.8188531001483325,0.0014819884113059533,-0.3222715863792252,0.031109784600658497,0.009644234405085607,0.0049839642348736045,2.6084045783546723,-2.833226018082014,0.0013728370660410255,-0.3033146745011835,0.0014681340923473319,-0.5946182093194285,0.17887109376170585,0.005337350916646026,2.344772430462332e-12,2.8105443331357245,-7.379627068818557,0.0013797931904567314,-0.5942472665669383,0.0012727608718263225,0.38066952159463807,0.13160017490211173,0.018640615267671686,2.965916751351713e-09,2.368111860748562,6.1551462135349695,0.001153557400747731,0.3798615388789819,0.05981770314076128,0.00913111502698148,1.1600088958138433,1.1396071762457123,0.0004119322659348585,0.8644258425172887,0.6671498579540299,0.07865443026724503,2.7446693519449337e-182,1.7609367569836463,38.875232424205414,0.0003411277929979205,0.8644258425172887,0.000623855191197823,-0.8051581465790703,0.14447055519495733,0.09652366785307802,2.150122655850474e-27,1.6640213326851108,-11.28386452092887,0.0005057120508193545,-0.8051480223702213,0.0005387840392475551,-0.6281720963725133,0.11720892341316125,0.15782673863427174,3.2572206266391156e-22,1.4138225840006107,-10.00545963158969,0.0004077453998006764,-0.6281437326822553,0.0005810473131815125,0.28813343235043254,0.038110996142893594,0.14469593546323872,6.26961973119204e-08,1.460038774808708,5.465732125446295,0.000446112281907966,0.2869148458825006,0.27866607659893006,0.011131803808808639,1.1489973095030168,1.0552127555044546,0.0003141774964525368,0.8396084227454793,0.6155977720404089,0.05963722387410317,1.938557194349319e-263,1.8851697638336475,44.884448380510925,0.00026648431993603095,0.8396084227454793,0.00043669286130785026,-0.7582515767936083,0.13100179314357308,0.08169322820473741,2.7163979399102933e-40,1.7423406548332658,-13.771127542014325,0.0003602235532384374,-0.7582507841305456,0.0005511716480691381,-0.5454108485907039,0.08760386172313839,0.03191167937792768,6.801676365235384e-27,2.1479068318517327,-10.990317192931597,0.00048683435492632776,-0.5454016506700067,0.0004802939422962298,0.3391105392274851,0.049115256688758824,0.06726773804541607,1.7474575377776562e-15,1.8314636522101142,8.060919608477672,0.0004033609630029876,0.3390035035943313,0.33175513210156443,0.009527641550527361,1.1523582449297793,1.0778004394404992
LU1235294995,0.0008077549168424763,0.6139498836250494,0.22655737237238893,0.16342186074909548,1.1823926556027171e-15,1.3977676725832053,8.557463428268028,0.0006081198529631168,0.6138319401891481,0.0015624093981166122,-0.16294069029265415,0.006247242169765244,0.016826060918470415,0.21114168899712055,2.406640573019386,-1.2536462374649615,0.0014216089224961329,-0.1164273093273509,0.0015940517044119283,-0.6127886026422192,0.1492318005213733,0.008388104081090272,2.1512164186517158e-10,2.6571452812288574,-6.62208985938272,0.00148223186332005,-0.611973197220895,0.0013984762550764934,0.37426809962893504,0.09993143992334452,0.024352099686858548,2.9702475434025137e-07,2.26527376761128,5.268455074510149,0.0012533121638743355,0.3723400338563416,0.09098202510936858,0.01030233529381812,1.2748069750061597,1.2579878878781408,0.0007241779858886003,0.7678732912501094,0.3755033195344981,0.05666984174036394,3.887889329206575e-79,1.9087803005453436,21.292541194297765,0.000616810553606711,0.7678732908155427,0.0009145222636081179,-0.6890382981799796,0.07546931787818023,0.047864499301191264,1.4784018209057354e-14,1.9817988256422596,-7.845312023425446,0.0007884818010255028,-0.6887684822164076,0.0007972402426638907,-0.7246002282753415,0.11124156002924968,0.07865709797555781,4.236151325202932e-21,1.7609210099717558,-9.714654045725847,0.0006602054222549827,-0.7245564682242018,0.000860394977625293,0.29362554753855247,0.028230425042367835,0.06967168652089872,3.39781179440877e-06,1.8166236403141198,4.680181899110572,0.0007205173545003801,0.2909014875545021,0.49139674449780824,0.013182231864980807,1.396535683435764,1.2461971281178026,0.0006736573659300383,0.7232646726307443,0.32774631073463134,0.009735099307302292,1.2939562412628045e-110,2.5890517110218916,24.76524503045784,0.0006230716161627174,0.7232646726180418,0.0007869519615779084,-0.6122916281765308,0.06128681878457154,0.010617517897579577,4.7468569693426155e-19,2.5588692901406267,-9.06269578610489,0.0007260480186763905,-0.6122206574011096,0.0008685206019476391,-0.6424957561700642,0.08721999827329052,0.0042225416145690335,8.880908291267952e-27,2.866271170518045,-10.963905893113406,0.0008190924501570726,-0.6424846310057536,0.0008062502012661773,0.3276635798253825,0.032899555239021994,0.009929598003711257,8.819493018250092e-11,2.5821953759643472,6.541834344013042,0.0007452913698338123,0.3271911409634963,0.738197170722356,0.011250205024129527,1.3874451339227607,1.2278239589340796
LU1311310541,0.0004027705530917876,0.7440176671447322,0.348013625667672,0.43826672131420785,5.109534187027956e-25,0.7763661344752334,11.551778916137492,0.00021746596039777435,0.7440105105008212,0.0012526978743940386,0.040553607766616345,0.0004047674918452593,0.05021340201061318,0.7506207740286415,1.9676530133772776,0.3181710997680417,0.0010775900732771316,0.011051737870310729,0.001343710428221782,-0.6461954100434142,0.17357419251694817,0.02091460183574946,5.314033865545069e-12,2.3242399962463005,-7.246205489886732,0.0012122178978917065,-0.6457347539609934,0.0010908006287504498,0.5405951944593176,0.2180711822315763,0.05365612428316276,4.711547595279586e-15,1.9387591589505182,8.349981893444925,0.0009338536444929674,0.5404673973235232,0.026853731118534473,0.010073420943646048,1.2105855144937407,1.2641560647384547,0.0004214609506891686,0.7762886110317682,0.5431466998477459,0.12273642410709913,2.142944434948686e-130,1.545121662650353,29.94028032664292,0.0003315692637764541,0.776288611031691,0.000625749226765058,-0.5481687369520436,0.0676002476790517,0.10861323632037866,3.80675324660878e-13,1.6063612705400614,-7.393647508277354,0.0005002137472298526,-0.5478315319957487,0.000540506465462261,-0.5425635108832977,0.08826882837677574,0.1612496574019808,7.149037764390043e-17,1.402258407481032,-8.54389598032041,0.00040751988936490113,-0.5424578574280726,0.0005326991449263013,0.3680371881252329,0.06276957737971145,0.17345777528200823,2.7677620778291466e-12,1.3624657201222525,7.10619444054597,0.0003963128738200294,0.36773539407671435,0.2645758071462868,0.0110787365111532,1.1088677872239987,1.0161611606534517,0.0003534746478345466,0.7675598405942143,0.5108061977420646,0.06124504150561217,1.5172985393167377e-197,1.873398802495847,36.24331607189601,0.00029918068914741705,0.7675598405942141,0.0004942149302082594,-0.5416774581365225,0.06637741354990512,0.0582454473866476,1.4930088878828858e-20,1.8955738393526413,-9.457248669849935,0.000419967982791309,-0.5416351416256544,0.0005722345264967141,-0.4595312857105618,0.061743903059109706,0.028621763499654163,3.481651319111073e-19,2.1911784666810696,-9.098643785948598,0.0005082673264942659,-0.45947990213812745,0.0004710747544321645,0.425933227638316,0.07693165757345855,0.06950804650144644,1.0889678012676532e-23,1.816653661643999,10.239433673165504,0.0003944926723450722,0.42591800773199884,0.3524717245570359,0.009560981054305273,1.1308278562956537,1.0475889606564144
LU1311311358,0.0004344997957817193,0.7428998329142797,0.34651976396439643,0.4039380025576613,6.816116879887805e-25,0.8360270855750246,11.513776123157212,0.00024617494730588124,0.7428924102328017,0.0012829783432049793,0.041125691917287086,0.00041572946414414336,0.04508901057114654,0.7473794389938493,2.0139224808238376,0.3224524643308375,0.00111174674701898,0.011335459476198273,0.001374215551453992,-0.6467557420387404,0.17365038044109704,0.01827616492591821,5.25204099777336e-12,2.375576551613418,-7.248129733907351,0.0012464672685853452,-0.6462955728403694,0.0011213957976097114,0.5400967595179904,0.21738761440268706,0.047571810031024696,5.263313720520321e-15,1.990978301268943,8.333242963779677,0.0009682560121160125,0.5399669250101328,0.034523539814797256,0.01007994387434305,1.2165045797691145,1.2608599218557448,0.00044950274962734447,0.7757967252492364,0.542864446270886,0.0997624492838008,2.705498097485845e-130,1.6480332692450692,29.923257696895824,0.0003630058386783675,0.775796725249158,0.0006536635762948408,-0.5477964215163701,0.06755895788161237,0.09364229935254745,3.871978482017257e-13,1.6786106445399616,-7.391225514803485,0.0005316683195022432,-0.5474586284465536,0.0005686012922730235,-0.5416795916578547,0.08804727977060822,0.14049066649749983,7.844384788550853e-17,1.4755184405884116,-8.532130370953537,0.00043858483571474735,-0.5415728619466192,0.0005605853188879414,0.36803296499183347,0.06281509735724611,0.15188407589533928,2.716596358915524e-12,1.4343602819585566,7.108943288077695,0.0004270159221918862,0.3677320028434858,0.285656567538488,0.011074590326830249,1.1110557180617382,1.0102333083835058,0.0003796163629061697,0.7662588585447984,0.5097122705084727,0.0445428833513316,6.190335884725256e-197,2.0109582475797487,36.16407429423543,0.0003288007867984598,0.7662588585447981,0.0005202887381120702,-0.5398597196691252,0.06601506446610261,0.04610127995860643,1.9108392744724838e-20,1.9964397613151028,-9.429570474779299,0.0004496241789940471,-0.5398163615433428,0.0005979928053307122,-0.4589874381332131,0.06167482303737404,0.02211902713975767,3.6486668494966827e-19,2.2911570852647567,-9.093217768327431,0.0005375062183660287,-0.458935836137289,0.0004968564124709794,0.42575511092560625,0.07696339010864828,0.05542508941557735,1.0654577230163048e-23,1.9173079515585008,10.241721263143905,0.0004238174432041708,0.425739932146517,0.3848902830221299,0.009555011085513161,1.1330813344384214,1.0409185284386588
